insert into public.series (id, name, type, year, created_at, last_modified_at)
values ('a02cf154-af6c-4f08-9a7a-32f7bc229ac8', 'One Piece', 'SHONEN', 2023, '2023-11-26 17:35:50.466393',
        '2023-11-26 17:35:50.466393'),
       ('e8c8d4ce-cb65-4001-abb5-e55c3b229b89', 'Pokémon Rouge Feu et Vert Feuille / Émeraude', 'SHONEN', 2023,
        '2023-11-26 17:35:50.466393', '2023-11-26 17:35:50.466393'),
       ('1c5424fa-7a13-4f2a-b03e-cf4449b0b3d5', 'Dédale', 'SHONEN', 2023, '2023-11-26 17:35:50.466393',
        '2023-11-26 17:35:50.466393'),
       ('d2e33fb1-56f0-48cf-9e91-206658ae9f32', 'Mes voisins les esprits', 'SHONEN', 2023, '2023-11-26 17:35:50.466393',
        '2023-11-26 17:35:50.466393'),
       ('3588b462-65ba-4319-9a0a-8d5768cbf8d7', 'Jizo', 'SHONEN', 2023, '2023-11-26 17:35:50.466393',
        '2023-11-26 17:35:50.466393'),
       ('3e0b298c-495f-44a9-b71b-840809d59717', 'Recueil d''Histoires Courtes', 'SHONEN', 2023,
        '2023-11-26 17:35:50.466393', '2023-11-26 17:35:50.466393'),
       ('98c3560c-2da0-4a82-83fe-55f42a638ead', 'Love X Dilemma', 'SHONEN', 2023, '2023-11-26 17:35:50.466393',
        '2023-11-26 17:35:50.466393'),
       ('af5abbe0-0f44-4614-b918-1f97c46f5381', 'Koro Quest!', 'SHONEN', 2023, '2023-11-26 17:35:50.466393',
        '2023-11-26 17:35:50.466393'),
       ('29bc4664-6207-45d0-8d7c-194221875d19', 'Tokyo Mew Mew', 'SHONEN', 2023, '2023-11-26 17:35:50.466393',
        '2023-11-26 17:35:50.466393'),
       ('2ac2bfcd-3b9d-4070-bd92-bbac5475506f', 'Hidamari ga Kikoeru', 'SHONEN', 2023, '2023-11-26 17:35:50.466393',
        '2023-11-26 17:35:50.466393'),
       ('bd8bb902-8618-4b4b-898b-53c045e554a9', 'Badass Cop & Dolphin', 'SHONEN', 2023, '2023-11-26 17:35:50.466393',
        '2023-11-26 17:35:50.466393'),
       ('9eb0b282-e50d-4375-af0b-9f308acfeb8b', 'Hellsing', 'SHONEN', 2023, '2023-11-26 17:35:50.466393',
        '2023-11-26 17:35:50.466393'),
       ('e815c08a-dd3b-42a7-9626-25b79ec032f3', 'Cigarette & Cherry', 'SHONEN', 2023, '2023-11-26 17:35:50.466393',
        '2023-11-26 17:35:50.466393'),
       ('e91ff39e-7c9d-4048-a8c1-c87b82548f51', 'La Malédiction de Loki', 'SHONEN', 2023, '2023-11-26 17:35:50.466393',
        '2023-11-26 17:35:50.466393'),
       ('f7b78d14-b57f-4815-9902-cf066c55241f', 'Waiting for Spring', 'SHONEN', 2023, '2023-11-26 17:35:50.466393',
        '2023-11-26 17:35:50.466393'),
       ('72521c81-02bd-46ae-ac5b-5c456950fa20', 'Dur-an-ki', 'SHONEN', 2023, '2023-11-26 17:35:50.466393',
        '2023-11-26 17:35:50.466393'),
       ('438142a4-897d-4b0e-b3e3-5e9a40c3505d', 'Kowloon Generic Romance', 'SHONEN', 2023, '2023-11-26 17:35:50.466393',
        '2023-11-26 17:35:50.466393'),
       ('5be1cddd-e3ff-4fd2-8cd3-e0977373e499', 'Act-Age', 'SHONEN', 2023, '2023-11-26 17:35:50.466393',
        '2023-11-26 17:35:50.466393'),
       ('47654214-7b68-445d-925a-aeb180a566ee', 'Ripper', 'SHONEN', 2023, '2023-11-26 17:35:50.466393',
        '2023-11-26 17:35:50.466393'),
       ('874c9f52-aa37-4f11-89d5-57a2376d714c', 'GunnM Mars Chronicle', 'SHONEN', 2023, '2023-11-26 17:35:50.466393',
        '2023-11-26 17:35:50.466393'),
       ('34f9979a-82e2-4c3e-8780-a58af898c641', 'From the Red Fog', 'SHONEN', 2023, '2023-11-26 17:35:50.466393',
        '2023-11-26 17:35:50.466393'),
       ('f88744b6-12a7-4499-adec-0d9d228cb829', 'Demon Slayer : Recueil d''illustrations', 'SHONEN', 2023,
        '2023-11-26 17:35:50.466393', '2023-11-26 17:35:50.466393'),
       ('1faff334-d43b-42d6-af9c-409aab66aef6', 'The Breaker New Waves', 'SHONEN', 2023, '2023-11-26 17:35:50.466393',
        '2023-11-26 17:35:50.466393'),
       ('1e29fe7f-a0d0-4bed-8746-20429c71cdf7', 'ReLIFE', 'SHONEN', 2023, '2023-11-26 17:35:50.466393',
        '2023-11-26 17:35:50.466393'),
       ('ca6bd16a-028e-4be5-83bb-40a3bbcb629e', 'Fruits Basket Another', 'SHONEN', 2023, '2023-11-26 17:35:50.466393',
        '2023-11-26 17:35:50.466393'),
       ('c6c9d981-79bc-4fa2-ab69-749c1f6568f0', 'Le roman de Kakashi : Le Sixième Hokage et l''enfant roi', 'SHONEN',
        2023, '2023-11-26 17:35:50.466393', '2023-11-26 17:35:50.466393'),
       ('4658c4f3-1338-483b-a5f2-a3b12e271d41', 'One Piece Stampede', 'SHONEN', 2023, '2023-11-26 17:35:50.466393',
        '2023-11-26 17:35:50.466393'),
       ('c77359e9-f441-4e36-bd73-957b14562876', 'TODAG : Tales Of Demons And Gods', 'SHONEN', 2023,
        '2023-11-26 17:35:50.466393', '2023-11-26 17:35:50.466393'),
       ('2ecefe5e-d2ce-4c35-a5e1-873e98b22ca4', 'Yuna de la Pension Yuragi', 'SHONEN', 2023,
        '2023-11-26 17:35:50.466393', '2023-11-26 17:35:50.466393'),
       ('05f5c046-dbd2-4251-a02d-725703ad1a94', 'Yotsuba', 'SHONEN', 2023, '2023-11-26 17:35:50.466393',
        '2023-11-26 17:35:50.466393'),
       ('c06f2a7d-e2dd-4349-90c8-3e5ff0721ca4', 'My Hero Academia World Heroes Mission', 'SHONEN', 2023,
        '2023-11-26 17:35:50.466393', '2023-11-26 17:35:50.466393'),
       ('65ad942b-c00c-4080-9040-3b69f6492ac5', '86 -Eighty six-', 'SHONEN', 2023, '2023-11-26 17:35:50.466393',
        '2023-11-26 17:35:50.466393'),
       ('500e2ce4-68f6-40c8-a1e2-d1ed76d99a2d', 'Junji Itô - Histoires Courtes', 'SHONEN', 2023,
        '2023-11-26 17:35:50.466393', '2023-11-26 17:35:50.466393'),
       ('397fcdc4-9c45-410b-abb0-22d20a0e28ec', 'Skeleton Knight in Another World', 'SHONEN', 2023,
        '2023-11-26 17:35:50.466393', '2023-11-26 17:35:50.466393'),
       ('b34d616a-5bcd-49ba-8f89-0179965e0839', 'Demon Slayer - School Days', 'SHONEN', 2023,
        '2023-11-26 17:35:50.466393', '2023-11-26 17:35:50.466393'),
       ('5d6aad20-67b8-4158-8c3d-921eee0b2ffb', 'Friends Games', 'SHONEN', 2023, '2023-11-26 17:35:50.466393',
        '2023-11-26 17:35:50.466393'),
       ('8f22f89e-4fca-4c04-99a5-dc392de356b3', '10 Count', 'SHONEN', 2023, '2023-11-26 17:35:50.466393',
        '2023-11-26 17:35:50.466393'),
       ('7016b479-49c8-49ec-80e0-eab4e8a12e0f', 'King''s Game Spiral', 'SHONEN', 2023, '2023-11-26 17:35:50.466393',
        '2023-11-26 17:35:50.466393'),
       ('707f733c-e79b-4d3a-a723-552ee603ec19', 'Love Mix-Up', 'SHONEN', 2023, '2023-11-26 17:35:50.466393',
        '2023-11-26 17:35:50.466393'),
       ('2360bb4a-9eaf-4406-8db2-5da090356c63', 'Crush of Lifetime', 'SHONEN', 2023, '2023-11-26 17:35:50.466393',
        '2023-11-26 17:35:50.466393'),
       ('62928d74-87bc-49ae-8759-376d5bbd52f1', 'Sawako', 'SHONEN', 2023, '2023-11-26 17:35:50.466393',
        '2023-11-26 17:35:50.466393'),
       ('1579eaec-8ff2-407e-8755-b1c3007dec96', 'Shikimori n''est pas juste mignonne', 'SHONEN', 2023,
        '2023-11-26 17:35:50.466393', '2023-11-26 17:35:50.466393'),
       ('ba44c05d-2c38-47ec-aa44-942d4d5f4482', 'Pokémon X et Y', 'SHONEN', 2023, '2023-11-26 17:35:50.466393',
        '2023-11-26 17:35:50.466393'),
       ('d9bb3472-d1e6-4d13-8c03-f0f6b755a518', 'L''Attaque des Titans - Guide Officiel : Outside', 'SHONEN', 2023,
        '2023-11-26 17:35:50.466393', '2023-11-26 17:35:50.466393'),
       ('ce316ee1-ee82-4111-9fed-a528e20eb5fd', 'Réincarné dans un autre monde', 'SHONEN', 2023,
        '2023-11-26 17:35:50.466393', '2023-11-26 17:35:50.466393'),
       ('ca2b8b1e-44ea-4cf9-9c6e-0287dd9ccd16', 'Brisée par ton amour…', 'SHONEN', 2023, '2023-11-26 17:35:50.466393',
        '2023-11-26 17:35:50.466393'),
       ('7dcd8d7e-dd1c-4cc2-a0f2-f210976056e3', 'La Danse du Soleil et de la Lune', 'SHONEN', 2023,
        '2023-11-26 17:35:50.466393', '2023-11-26 17:35:50.466393'),
       ('225988b5-cf89-43b6-accb-f0eef01900bc', 'The Legend of Zelda - The Four Swords Adventures', 'SHONEN', 2023,
        '2023-11-26 17:35:50.466393', '2023-11-26 17:35:50.466393'),
       ('17fe1eed-0e1d-4077-8476-faa155014ec2', 'The Legend of Zelda - Majora''s Mask / A Link to the Past', 'SHONEN',
        2023, '2023-11-26 17:35:50.466393', '2023-11-26 17:35:50.466393'),
       ('b4ca72d1-5133-4b36-8086-60e429462628', 'Le perce neige', 'SHONEN', 2023, '2023-11-26 17:35:50.466393',
        '2023-11-26 17:35:50.466393'),
       ('04cdd65e-374d-4c18-8ffb-86ec42e85010', 'Space Chef Caisar', 'SHONEN', 2023, '2023-11-26 17:35:50.466393',
        '2023-11-26 17:35:50.466393'),
       ('5bbaf9f1-bea9-469b-b3f6-dbd7b787e01c', 'Au-delà de l''apparence', 'SHONEN', 2023, '2023-11-26 17:35:50.466393',
        '2023-11-26 17:35:50.466393'),
       ('7cad6be6-ef32-40d1-bad1-1a5a417798eb', 'Dororo', 'SHONEN', 2023, '2023-11-26 17:35:50.466393',
        '2023-11-26 17:35:50.466393'),
       ('244c03d7-b2cc-49d2-b54a-2a35848875b5', 'Le prix du reste de ma Vie', 'SHONEN', 2023,
        '2023-11-26 17:35:50.466393', '2023-11-26 17:35:50.466393'),
       ('bb7bc406-0ea4-4aea-8d31-6ca88dfd9b57', 'One Piece - Strong World', 'SHONEN', 2023,
        '2023-11-26 17:35:50.466393', '2023-11-26 17:35:50.466393'),
       ('143804b0-0aad-4e50-8098-fecedb690eaf', 'Fairy Girls', 'SHONEN', 2023, '2023-11-26 17:35:50.466393',
        '2023-11-26 17:35:50.466393'),
       ('f35bdc06-1fb8-44eb-b272-0983326662ab', 'Kaijin Reijoh', 'SHONEN', 2023, '2023-11-26 17:35:50.466393',
        '2023-11-26 17:35:50.466393'),
       ('b178ff20-5cd3-4b4c-a0d5-045429e96590', 'Blue Summer', 'SHONEN', 2023, '2023-11-26 17:35:50.466393',
        '2023-11-26 17:35:50.466393'),
       ('62f89781-66a6-410b-99d6-c9c830c7148f', 'Sword Art Online - Calibur', 'SHONEN', 2023,
        '2023-11-26 17:35:50.466393', '2023-11-26 17:35:50.466393'),
       ('80b9e751-9cf6-49a0-bf8d-35ce5701ce47', 'Qu''est-ce qui cloche avec la secrétaire Kim', 'SHONEN', 2023,
        '2023-11-26 17:35:50.466393', '2023-11-26 17:35:50.466393'),
       ('bd7970fe-0774-4c08-a17a-7cc4709114a1', 'Harem in the Fantasy World Dungeon', 'SHONEN', 2023,
        '2023-11-26 17:35:50.466393', '2023-11-26 17:35:50.466393'),
       ('7e8b9e9c-d336-4cf2-b491-b1cbc9fca1cd', 'Mushoku Tensei - Les aventures de Roxy', 'SHONEN', 2023,
        '2023-11-26 17:35:50.466393', '2023-11-26 17:35:50.466393'),
       ('36bec57c-f260-4f8c-8447-48c0273705e0', 'Pour le pire', 'SHONEN', 2023, '2023-11-26 17:35:50.466393',
        '2023-11-26 17:35:50.466393'),
       ('710ee651-29b6-4c94-a6da-685e40e2a7aa', 'L''Amour et la Mort', 'SHONEN', 2023, '2023-11-26 17:35:50.466393',
        '2023-11-26 17:35:50.466393'),
       ('7c7d9d6f-8f04-4d42-b3d1-35f10f1cda87', 'Shibuya Hell', 'SHONEN', 2023, '2023-11-26 17:35:50.466393',
        '2023-11-26 17:35:50.466393'),
       ('a01d9218-b2fe-459d-ba90-0fbec75e0208', 'Fairy Tail +', 'SHONEN', 2023, '2023-11-26 17:35:50.466393',
        '2023-11-26 17:35:50.466393'),
       ('fa1dedb1-2eb9-4085-8b83-24bbf02b5186', 'Sanctuary', 'SHONEN', 2023, '2023-11-26 17:35:50.466393',
        '2023-11-26 17:35:50.466393'),
       ('93a5fdb5-d987-4172-9325-589348b33ac7', 'Trois Yakuzas pour une Otaku', 'SHONEN', 2023,
        '2023-11-26 17:35:50.466393', '2023-11-26 17:35:50.466393'),
       ('f569ea77-7961-4d64-ba89-c20881bc98c5', 'Sword Art Online : Ordinal Scale', 'SHONEN', 2023,
        '2023-11-26 17:35:50.466393', '2023-11-26 17:35:50.466393'),
       ('fdbb9798-44f9-4030-a676-77c05181fdc5', 'Half & Half', 'SHONEN', 2023, '2023-11-26 17:35:50.466393',
        '2023-11-26 17:35:50.466393'),
       ('ec62ddf2-c4bc-4150-8135-b07ac9a632f9', 'Dragon Ball Extra - Comment je me suis réincarné en Yamcha', 'SHONEN',
        2023, '2023-11-26 17:35:50.466393', '2023-11-26 17:35:50.466393'),
       ('e83e457e-f895-4886-ba3c-cf12b0c5a5ce', 'Sword Art Online : Mother''S Rosario', 'SHONEN', 2023,
        '2023-11-26 17:35:50.466393', '2023-11-26 17:35:50.466393'),
       ('8bdc95fb-f992-452e-a524-d2eb00bf9dd4', 'Granblue Fantasy', 'SHONEN', 2023, '2023-11-26 17:35:50.466393',
        '2023-11-26 17:35:50.466393'),
       ('9c14662c-28f6-4b4f-8110-e0105de05620', 'Route End', 'SHONEN', 2023, '2023-11-26 17:35:50.466393',
        '2023-11-26 17:35:50.466393'),
       ('4a25d757-a3ef-45ee-bd51-037f5fec74f8', 'Violence Action', 'SHONEN', 2023, '2023-11-26 17:35:50.466393',
        '2023-11-26 17:35:50.466393'),
       ('afc212cd-d64b-4433-b4c0-55e1fd17f6d6', 'Happiness', 'SHONEN', 2023, '2023-11-26 17:35:50.466393',
        '2023-11-26 17:35:50.466393'),
       ('6bd70d52-0998-4730-aec3-5df494fda3f0', 'Chat de Yakuza', 'SHONEN', 2023, '2023-11-26 17:35:50.466393',
        '2023-11-26 17:35:50.466393'),
       ('57a511bf-c581-489e-bf64-a330bf3408b5', 'Your Name Another Side : Earthbound', 'SHONEN', 2023,
        '2023-11-26 17:35:50.466393', '2023-11-26 17:35:50.466393'),
       ('4772f64c-3e9b-4733-8f09-d4cb9ec96e32', 'Pokémon Soleil et Lune', 'SHONEN', 2023, '2023-11-26 17:35:50.466393',
        '2023-11-26 17:35:50.466393'),
       ('c5207f37-a1ec-40f0-b07e-131c504c98d3', 'Errance', 'SHONEN', 2023, '2023-11-26 17:35:50.466393',
        '2023-11-26 17:35:50.466393'),
       ('1c2287b6-6a81-4ef6-ac20-efb6f30bc45a', 'Une touche de bleu', 'SHONEN', 2023, '2023-11-26 17:35:50.466393',
        '2023-11-26 17:35:50.466393'),
       ('d32f012f-d4dc-403a-9f52-6f4124ae9bb6', 'Nausicaä de la vallée du vent', 'SHONEN', 2023,
        '2023-11-26 17:35:50.466393', '2023-11-26 17:35:50.466393'),
       ('3bdb98ac-897b-403a-902b-2527131a538e', 'Ghost in the shell', 'SHONEN', 2023, '2023-11-26 17:35:50.466393',
        '2023-11-26 17:35:50.466393'),
       ('2f1cf35c-db04-47ad-b4d7-48598bbb36e4', 'Quand Takagi me Taquine', 'SHONEN', 2023, '2023-11-26 17:35:50.466393',
        '2023-11-26 17:35:50.466393'),
       ('36a4653e-7fbc-4f9f-9e1a-25d8fd35b48e', 'Pichi Pichi Pitch - Mermaid Melody', 'SHONEN', 2023,
        '2023-11-26 17:35:50.466393', '2023-11-26 17:35:50.466393'),
       ('95d1bfd0-43f4-4a73-a367-15bf34b6421e', 'Fool Night', 'SHONEN', 2023, '2023-11-26 17:35:50.466393',
        '2023-11-26 17:35:50.466393'),
       ('4c7e1e1d-3009-4666-9282-76be97c662a9', 'Takane & Hana', 'SHONEN', 2023, '2023-11-26 17:35:50.466393',
        '2023-11-26 17:35:50.466393'),
       ('430a9d1b-607a-47b2-8707-4bb3bb671dd2', 'Sword Art Online', 'SHONEN', 2023, '2023-11-26 17:35:50.466393',
        '2023-11-26 17:35:50.466393'),
       ('e9c6e622-cfd4-44b2-91bc-07163a9760bd', 'Infection', 'SHONEN', 2023, '2023-11-26 17:35:50.466393',
        '2023-11-26 17:35:50.466393'),
       ('294e9f6d-40f7-4add-a570-cedb8a6598d6', 'L''Attaque des Titans - Answers', 'SHONEN', 2023,
        '2023-11-26 17:35:50.466393', '2023-11-26 17:35:50.466393'),
       ('80c0ac01-b2fc-4dc9-aee3-da00dc403841', 'Meurtres dans le décagone', 'SHONEN', 2023,
        '2023-11-26 17:35:50.466393', '2023-11-26 17:35:50.466393'),
       ('3ccb7b34-cf4c-433a-a295-c9b7cf12018a', 'Le roman de Sasuke : L''énigme du Dessin des Astres', 'SHONEN', 2023,
        '2023-11-26 17:35:50.466393', '2023-11-26 17:35:50.466393'),
       ('952e2124-9f1a-4e28-b28b-8859056696ba', 'Mon mari dort dans le congélateur', 'SHONEN', 2023,
        '2023-11-26 17:35:50.466393', '2023-11-26 17:35:50.466393'),
       ('15da3535-829f-4d53-855f-c46b27b31836', 'Cautious Hero', 'SHONEN', 2023, '2023-11-26 17:35:50.466393',
        '2023-11-26 17:35:50.466393'),
       ('dae27934-76f2-4dfd-9150-cd310640280e', 'Les Fleurs du Mal', 'SHONEN', 2023, '2023-11-26 17:35:50.466393',
        '2023-11-26 17:35:50.466393'),
       ('2a075811-a112-4018-95fd-9cdc30d610de', 'Shirayuki aux cheveux rouges', 'SHONEN', 2023,
        '2023-11-26 17:35:50.466393', '2023-11-26 17:35:50.466393'),
       ('c91659c8-3b8b-4cac-8bee-722297fda88e', 'Dragon Ball Z : battle of gods', 'SHONEN', 2023,
        '2023-11-26 17:35:50.466393', '2023-11-26 17:35:50.466393'),
       ('e9dc680c-6dfa-47cc-9b04-c82568e2fce4', 'Vampire Knight Mémoires', 'SHONEN', 2023, '2023-11-26 17:35:50.466393',
        '2023-11-26 17:35:50.466393'),
       ('f0850cd9-ba89-486c-9165-b937cd15b7c8', 'La courtisane d''edo', 'SHONEN', 2023, '2023-11-26 17:35:50.466393',
        '2023-11-26 17:35:50.466393'),
       ('2883aeee-39fc-4bd1-b4e5-88bd824703f7', 'La véritable histoire de Sasuke', 'SHONEN', 2023,
        '2023-11-26 17:35:50.466393', '2023-11-26 17:35:50.466393'),
       ('1c03b41f-0c82-420f-b354-502c26564c66', 'Shinotori - Les ailes de la mort', 'SHONEN', 2023,
        '2023-11-26 17:35:50.466393', '2023-11-26 17:35:50.466393'),
       ('84136d6c-3aba-4d2b-9f54-d43d722a5d9f', 'Bleach : Can''t Fear Your Own World', 'SHONEN', 2023,
        '2023-11-26 17:35:50.466393', '2023-11-26 17:35:50.466393'),
       ('401a1b46-ec8c-469b-bd01-3dc618a7e5ec', 'Nomi & Shiba', 'SHONEN', 2023, '2023-11-26 17:35:50.466393',
        '2023-11-26 17:35:50.466393'),
       ('67eb191c-b62e-4aa3-b6c3-1be5bb4db53a', 'Wakfu', 'SHONEN', 2023, '2023-11-26 17:35:50.466393',
        '2023-11-26 17:35:50.466393'),
       ('6b483682-f7d0-4ebe-b93c-15489fcec522', 'Drifting Dragons', 'SHONEN', 2023, '2023-11-26 17:35:50.466393',
        '2023-11-26 17:35:50.466393'),
       ('d8c8e098-0c7e-41bc-9d8e-9d8d4e911e34', 'Éclat(s) d''âme', 'SHONEN', 2023, '2023-11-26 17:35:50.466393',
        '2023-11-26 17:35:50.466393'),
       ('6e93193d-5981-400e-97af-d5ff4dc50afd', 'The Most Notorious Talker', 'SHONEN', 2023,
        '2023-11-26 17:35:50.466393', '2023-11-26 17:35:50.466393'),
       ('80d36fc3-6e4a-4ec2-9e2e-9e40d3707cbb', 'Cheeky love', 'SHONEN', 2023, '2023-11-26 17:35:50.466393',
        '2023-11-26 17:35:50.466393'),
       ('9b45a576-891b-49cd-a6da-6561fc50c301', 'Egregor - Le Souffle de la Foi', 'SHONEN', 2023,
        '2023-11-26 17:35:50.466393', '2023-11-26 17:35:50.466393'),
       ('6f22a05c-7e7c-4eba-8f16-0093d8c096a3', 'Beast Complex', 'SHONEN', 2023, '2023-11-26 17:35:50.466393',
        '2023-11-26 17:35:50.466393'),
       ('d8031405-a387-41a3-8f86-9dae4d7f2834', 'Smokin'' Parade', 'SHONEN', 2023, '2023-11-26 17:35:50.466393',
        '2023-11-26 17:35:50.466393'),
       ('f3609992-a388-48bf-8b68-b5b9dcf5963a', 'Inu-Yasha', 'SHONEN', 2023, '2023-11-26 17:35:50.466393',
        '2023-11-26 17:35:50.466393'),
       ('ca7f9dca-2326-4ddc-9f34-e6e35f847668', 'La Sorcière invincible', 'SHONEN', 2023, '2023-11-26 17:35:50.466393',
        '2023-11-26 17:35:50.466393'),
       ('80053051-dd48-4141-a6a6-ae663f569294', 'Perfect Crime', 'SHONEN', 2023, '2023-11-26 17:35:50.466393',
        '2023-11-26 17:35:50.466393'),
       ('8ef65d4a-c77b-4453-ad0b-f77090115b27', 'Noblesse', 'SHONEN', 2023, '2023-11-26 17:35:50.466393',
        '2023-11-26 17:35:50.466393'),
       ('6cfdb441-431e-4514-98df-e99533e65971', 'Crazy Food Truck', 'SHONEN', 2023, '2023-11-26 17:35:50.466393',
        '2023-11-26 17:35:50.466393'),
       ('bfcc09cd-602c-4294-bc44-0fb0f3626390', 'Frère à louer', 'SHONEN', 2023, '2023-11-26 17:35:50.466393',
        '2023-11-26 17:35:50.466393'),
       ('bb9578e3-061d-4b36-9c24-dd4047b5d0d0', 'Succubus & Hitman', 'SHONEN', 2023, '2023-11-26 17:35:50.466393',
        '2023-11-26 17:35:50.466393'),
       ('db153ba0-a5e5-4f40-9a95-fd5e82015be4', 'Les 7 Ninjas d''Efu', 'SHONEN', 2023, '2023-11-26 17:35:50.466393',
        '2023-11-26 17:35:50.466393'),
       ('1403454b-ff9d-4a47-83de-3aca3f906ae1', 'Le dévoreur de souvenirs', 'SHONEN', 2023,
        '2023-11-26 17:35:50.466393', '2023-11-26 17:35:50.466393'),
       ('d2c25993-aca6-4ec1-9861-7f2bfa58c94d', 'Astra - lost in space', 'SHONEN', 2023, '2023-11-26 17:35:50.466393',
        '2023-11-26 17:35:50.466393'),
       ('2ecd1eb4-bbae-4cdc-b9a7-b9533724df45', 'Ping Pong', 'SHONEN', 2023, '2023-11-26 17:35:50.466393',
        '2023-11-26 17:35:50.466393'),
       ('8bb1c24e-f3b8-4c33-aaef-76e7bf0d4507', 'Saint Seiya Dark Wing', 'SHONEN', 2023, '2023-11-26 17:35:50.466393',
        '2023-11-26 17:35:50.466393'),
       ('017bfd46-1df6-4cf2-812a-734da4a566d8', 'Prophecy the Copycat', 'SHONEN', 2023, '2023-11-26 17:35:50.466393',
        '2023-11-26 17:35:50.466393'),
       ('9ea32fee-1b18-44a3-86f6-f1eded621054', 'Les Enfants de la mer', 'SHONEN', 2023, '2023-11-26 17:35:50.466393',
        '2023-11-26 17:35:50.466393'),
       ('93c65acc-57a6-4c36-b1b9-1df6d684bebc', 'Horizon', 'SHONEN', 2023, '2023-11-26 17:35:50.466393',
        '2023-11-26 17:35:50.466393'),
       ('9b8ae934-fc35-4f26-a88e-b96aff86afe9', 'Le mari de mon frère', 'SHONEN', 2023, '2023-11-26 17:35:50.466393',
        '2023-11-26 17:35:50.466393'),
       ('bf4cb62f-ec7b-4ad2-a45b-6a8223e2a8ad', 'Comment Raeliana a survécu au manoir Wynknight', 'SHONEN', 2023,
        '2023-11-26 17:35:50.466393', '2023-11-26 17:35:50.466393'),
       ('d18741a2-134c-4601-8846-b198f9da4a4b', 'Comment défier le destin', 'SHONEN', 2023,
        '2023-11-26 17:35:50.466393', '2023-11-26 17:35:50.466393'),
       ('5ed63718-da59-4e48-b8cd-39174d070bd8', 'Moi, Sherlock', 'SHONEN', 2023, '2023-11-26 17:35:50.466393',
        '2023-11-26 17:35:50.466393'),
       ('b38e2bf6-72bb-4928-8eef-f1b9304affaf', 'Jusqu''à ce que nos os pourrissent', 'SHONEN', 2023,
        '2023-11-26 17:35:50.466393', '2023-11-26 17:35:50.466393'),
       ('2d89fb5d-9e25-4f74-85b8-5722e5234b46', 'Les Carnets de l''Apothicaire', 'SHONEN', 2023,
        '2023-11-26 17:35:50.466393', '2023-11-26 17:35:50.466393'),
       ('fc40f552-0cac-4245-80c1-9ff83e13f43e', 'Demon Lord & One Room Hero', 'SHONEN', 2023,
        '2023-11-26 17:35:50.466393', '2023-11-26 17:35:50.466393'),
       ('eb235c91-a95f-49d1-93d9-faee3dbb3b51', 'Every Day Is a Good Day', 'SHONEN', 2023, '2023-11-26 17:35:50.466393',
        '2023-11-26 17:35:50.466393'),
       ('ac695a02-a867-4aa3-a56b-2aab34b4645b', 'Guess What !', 'SHONEN', 2023, '2023-11-26 17:35:50.466393',
        '2023-11-26 17:35:50.466393'),
       ('c7c64d97-dea2-4149-837b-88a423f4bb96', 'Neo Parasite', 'SHONEN', 2023, '2023-11-26 17:35:50.466393',
        '2023-11-26 17:35:50.466393'),
       ('5f7254f1-3d06-4ce6-ae01-bd67cc635142', 'Bleach - Official Bootleg', 'SHONEN', 2023,
        '2023-11-26 17:35:50.466393', '2023-11-26 17:35:50.466393'),
       ('7d5979f0-60eb-4ae1-afa1-77fb6759458b', 'Devil Devil', 'SHONEN', 2023, '2023-11-26 17:35:50.466393',
        '2023-11-26 17:35:50.466393'),
       ('61b77f6e-4c01-4b91-9fea-97e1c0f0a67c', 'De nous, il ne restera que des cendres', 'SHONEN', 2023,
        '2023-11-26 17:35:50.466393', '2023-11-26 17:35:50.466393'),
       ('e0e7cedf-8c37-4413-a768-7e48056ce984', 'Le Journal de mon Père', 'SHONEN', 2023, '2023-11-26 17:35:50.466393',
        '2023-11-26 17:35:50.466393'),
       ('5c102222-5b47-4454-bb29-0724f74992f0', 'Our Summer Holiday', 'SHONEN', 2023, '2023-11-26 17:35:50.466393',
        '2023-11-26 17:35:50.466393'),
       ('f96fe723-5325-41e2-844e-dd160ca8604c', 'Chandrahas : la légende de l''immortel', 'SHONEN', 2023,
        '2023-11-26 17:35:50.466393', '2023-11-26 17:35:50.466393'),
       ('03151d34-f7d6-41dd-bdef-35cf2b8dc4fe', 'Inazuma Eleven Go', 'SHONEN', 2023, '2023-11-26 17:35:50.466393',
        '2023-11-26 17:35:50.466393'),
       ('1b8797d6-6e54-4d67-a867-b6669619e286', 'Danganronpa Ultra Despair Girls', 'SHONEN', 2023,
        '2023-11-26 17:35:50.466393', '2023-11-26 17:35:50.466393'),
       ('a58d657d-4b11-4bec-a1bb-81adcbbf8663', 'Dengeki Daisy', 'SHONEN', 2023, '2023-11-26 17:35:50.466393',
        '2023-11-26 17:35:50.466393'),
       ('561e28a6-304f-4a51-b842-975e7e36563f', 'Interspecies Reviewers', 'SHONEN', 2023, '2023-11-26 17:35:50.466393',
        '2023-11-26 17:35:50.466393'),
       ('c7fc6625-cfb5-442b-ac79-73f2ef3ea707', 'Looking up to Magical Girls', 'SHONEN', 2023,
        '2023-11-26 17:35:50.466393', '2023-11-26 17:35:50.466393'),
       ('60139783-0b55-4ce3-a5a6-54116a53567a', 'Batman Justice Buster', 'SHONEN', 2023, '2023-11-26 17:35:50.466393',
        '2023-11-26 17:35:50.466393'),
       ('1904e1dd-00bb-464d-9448-0a0a99ec95df', 'Golden Sparkle', 'SHONEN', 2023, '2023-11-26 17:35:50.466393',
        '2023-11-26 17:35:50.466393'),
       ('75342b6f-c6c6-4b3b-8f38-6bf984e23692', 'Naruto Le Film', 'SHONEN', 2023, '2023-11-26 17:35:50.466393',
        '2023-11-26 17:35:50.466393'),
       ('363eb7fc-b38f-459b-a2b5-6940a6476bb7', 'DNA²', 'SHONEN', 2023, '2023-11-26 17:35:50.466393',
        '2023-11-26 17:35:50.466393'),
       ('f54010d7-ace9-4002-b3a3-c2f21234ae0f', 'Kare first love', 'SHONEN', 2023, '2023-11-26 17:35:50.466393',
        '2023-11-26 17:35:50.466393'),
       ('4fec6dcd-273b-4020-9ca2-4960db221f85', 'Jusqu''à ce que je te tue', 'SHONEN', 2023,
        '2023-11-26 17:35:50.466393', '2023-11-26 17:35:50.466393'),
       ('a58b08eb-c3ae-4fda-8c81-02f12df0c897', 'Buchimaru Chaos', 'SHONEN', 2023, '2023-11-26 17:35:50.466393',
        '2023-11-26 17:35:50.466393'),
       ('a56e5db1-afb7-4f4e-b070-2ab807bd581d', 'Play it Cool, Guys', 'SHONEN', 2023, '2023-11-26 17:35:50.466393',
        '2023-11-26 17:35:50.466393'),
       ('6ed2c403-fae9-4fa7-914a-7e40f0406f65', 'Harvest : Fairy Tail Illustrations', 'SHONEN', 2023,
        '2023-11-26 17:35:50.466393', '2023-11-26 17:35:50.466393'),
       ('c04d6f39-6a6d-467c-a85d-80f8175f4e36', 'Number Call', 'SHONEN', 2023, '2023-11-26 17:35:50.466393',
        '2023-11-26 17:35:50.466393'),
       ('6c7a6673-3ae6-4df5-a93a-cb5b3f071696', 'How NOT to Summon a Demon Lord', 'SHONEN', 2023,
        '2023-11-26 17:35:50.466393', '2023-11-26 17:35:50.466393'),
       ('4877c3f0-a852-4031-abf4-a395e349498d', 'Ni No Kuni', 'SHONEN', 2023, '2023-11-26 17:35:50.466393',
        '2023-11-26 17:35:50.466393'),
       ('7db46e82-b491-40e1-b029-e33068a0e1e3', 'Assassin''s Creed Awakening', 'SHONEN', 2023,
        '2023-11-26 17:35:50.466393', '2023-11-26 17:35:50.466393'),
       ('de5a8665-2915-469f-a4ae-243dfa0457bf', 'Chocolate Vampire', 'SHONEN', 2023, '2023-11-26 17:35:50.466393',
        '2023-11-26 17:35:50.466393'),
       ('ddc604d7-a6e3-4acf-ba71-4dfdb8a7126e', 'Laisse-moi t''embrasser', 'SHONEN', 2023, '2023-11-26 17:35:50.466393',
        '2023-11-26 17:35:50.466393'),
       ('bec1b1fd-f51f-40e8-b820-3a8fb353cd8d', 'Dear Gene', 'SHONEN', 2023, '2023-11-26 17:35:50.466393',
        '2023-11-26 17:35:50.466393'),
       ('ffea108e-a308-41e4-a9bf-507e898af153', 'Miraculous', 'SHONEN', 2023, '2023-11-26 17:35:50.466393',
        '2023-11-26 17:35:50.466393'),
       ('73bc36a5-8401-43d4-9fe5-4041aa407ce3', 'A Tender Heart : Comment je suis devenue la servante du Duc', 'SHONEN',
        2023, '2023-11-26 17:35:50.466393', '2023-11-26 17:35:50.466393'),
       ('1db1fe8a-e311-4051-b602-abf45ffe2cd9', 'Qualia under the snow', 'SHONEN', 2023, '2023-11-26 17:35:50.466393',
        '2023-11-26 17:35:50.466393'),
       ('9491cb08-8ab5-4de5-8e35-00749b0413f5', 'Bad Boyfriend', 'SHONEN', 2023, '2023-11-26 17:35:50.466393',
        '2023-11-26 17:35:50.466393'),
       ('4dd58cea-7194-444e-935b-03f239c4e7b9', '& and', 'SHONEN', 2023, '2023-11-26 17:35:50.466393',
        '2023-11-26 17:35:50.466393'),
       ('30bc85f0-96e8-4b6a-9d33-162fed07add8', 'Souvenirs d''Emanon', 'SHONEN', 2023, '2023-11-26 17:35:50.466393',
        '2023-11-26 17:35:50.466393'),
       ('b7f001f6-aa38-4aac-9658-d9c938cb2a8a', 'Au Grand Air', 'SHONEN', 2023, '2023-11-26 17:35:50.466393',
        '2023-11-26 17:35:50.466393'),
       ('fd7e0ab4-466a-41e6-bf87-3fdaf1b4ec77', 'Ocean Rush', 'SHONEN', 2023, '2023-11-26 17:35:50.466393',
        '2023-11-26 17:35:50.466393'),
       ('baaa8944-1567-4281-9b63-3818d921709e', 'Daisy Jealousy', 'SHONEN', 2023, '2023-11-26 17:35:50.466393',
        '2023-11-26 17:35:50.466393'),
       ('f1467d65-6a00-4003-a792-941f6c61c16b', 'Tokyo Ghoul Zakki:Re', 'SHONEN', 2023, '2023-11-26 17:35:50.466393',
        '2023-11-26 17:35:50.466393'),
       ('6610ea66-99cd-45b9-8f14-9c0b512fc841', 'Dragon Quest - Emblem of Roto', 'SHONEN', 2023,
        '2023-11-26 17:35:50.466393', '2023-11-26 17:35:50.466393'),
       ('2492a3fc-2157-4bea-b4a8-80c3396eb2a2', 'Ce printemps rémanent', 'SHONEN', 2023, '2023-11-26 17:35:50.466393',
        '2023-11-26 17:35:50.466393'),
       ('29d565de-d2bb-401c-9887-0835d38ef980', 'Twelve Demon Kings', 'SHONEN', 2023, '2023-11-26 17:35:50.466393',
        '2023-11-26 17:35:50.466393'),
       ('f765d4c6-7140-43e2-9a1e-fa4e333dddfa', 'Yureka', 'SHONEN', 2023, '2023-11-26 17:35:50.466393',
        '2023-11-26 17:35:50.466393'),
       ('3062631f-dcbb-4930-8b54-06c7c2ebc2b3', 'Batman & the Justice League', 'SHONEN', 2023,
        '2023-11-26 17:35:50.466393', '2023-11-26 17:35:50.466393'),
       ('ccff3d09-7619-4f3e-834e-7682b92023c0', 'Alice on Border Road', 'SHONEN', 2023, '2023-11-26 17:35:50.466393',
        '2023-11-26 17:35:50.466393'),
       ('7c120721-a82c-4dcb-95dd-e7394c7c27cb', 'Kobato', 'SHONEN', 2023, '2023-11-26 17:35:50.466393',
        '2023-11-26 17:35:50.466393'),
       ('60d00dd2-4420-46a1-a380-2525460cf100', 'Sekai Ichi Hatsukoi', 'SHONEN', 2023, '2023-11-26 17:35:50.466393',
        '2023-11-26 17:35:50.466393'),
       ('1f71f8e5-849d-4cf4-adac-edc1e6d54e4e', 'Tales of Symphonia', 'SHONEN', 2023, '2023-11-26 17:35:50.466393',
        '2023-11-26 17:35:50.466393'),
       ('684fb4f6-18fb-480d-abc7-ec40174b3bbb', 'À mon tour de pleurer', 'SHONEN', 2023, '2023-11-26 17:35:50.466393',
        '2023-11-26 17:35:50.466393'),
       ('38d9862b-a311-47ae-8d0b-b676cef56f1c', 'Museum : Killing in the Rain', 'SHONEN', 2023,
        '2023-11-26 17:35:50.466393', '2023-11-26 17:35:50.466393'),
       ('55fa8f5c-6d34-4982-a5cb-9a36aec6465c', 'Rebuild the world', 'SHONEN', 2023, '2023-11-26 17:35:50.466393',
        '2023-11-26 17:35:50.466393'),
       ('4cf2b83c-3631-47af-b0d5-686e232a21ab', 'And yet, you are so sweet', 'SHONEN', 2023,
        '2023-11-26 17:35:50.466393', '2023-11-26 17:35:50.466393'),
       ('aec6fd47-17bc-4eb0-80de-671e5aa8c2e9', 'Trinity Blood', 'SHONEN', 2023, '2023-11-26 17:35:50.466393',
        '2023-11-26 17:35:50.466393');

insert into public.series_authors (series_id, authors_id)
values ('a02cf154-af6c-4f08-9a7a-32f7bc229ac8', 'e6cc4590-0b5e-4122-9428-b9b185bdb221'),
       ('e8c8d4ce-cb65-4001-abb5-e55c3b229b89', 'cfebdbec-7d94-4c47-af87-77095d478fc8'),
       ('e8c8d4ce-cb65-4001-abb5-e55c3b229b89', 'f09270e8-cd80-4518-95b7-7701a7e40694'),
       ('1c5424fa-7a13-4f2a-b03e-cf4449b0b3d5', '8559f22b-daeb-463f-9c8e-b3390797f7e2'),
       ('d2e33fb1-56f0-48cf-9e91-206658ae9f32', '7e094cae-4a76-4c46-9948-6fa212d5873b'),
       ('3588b462-65ba-4319-9a0a-8d5768cbf8d7', 'e0d9bf8b-91c9-4c27-b1f2-1033a66c0160'),
       ('3e0b298c-495f-44a9-b71b-840809d59717', 'f5552f6a-ab67-4310-a6af-3ec4e3048e6a'),
       ('3e0b298c-495f-44a9-b71b-840809d59717', 'ecaaf3f6-26a4-453e-a31b-67dfbfc58c67'),
       ('98c3560c-2da0-4a82-83fe-55f42a638ead', '3701a4ab-f1d0-43fc-834b-4b1ede78227d'),
       ('af5abbe0-0f44-4614-b918-1f97c46f5381', 'c4e99bc0-2d81-4f63-9697-df58918ad446'),
       ('af5abbe0-0f44-4614-b918-1f97c46f5381', 'ae042d2c-e64d-44be-a5dc-7d1805b24e19'),
       ('af5abbe0-0f44-4614-b918-1f97c46f5381', 'd5651e0a-379c-48e4-8eff-dbfd7687246d'),
       ('29bc4664-6207-45d0-8d7c-194221875d19', '9f86f292-e08c-4b4f-9a26-50b40f83e5bb'),
       ('29bc4664-6207-45d0-8d7c-194221875d19', '89a9f0ff-043b-4b7c-aba0-56f1462ddd53'),
       ('2ac2bfcd-3b9d-4070-bd92-bbac5475506f', '7b1b4fcf-309c-4268-bfc8-0b3a5d78aeae'),
       ('bd8bb902-8618-4b4b-898b-53c045e554a9', '487261c6-8383-4c90-b6d3-38c147bf12c9'),
       ('9eb0b282-e50d-4375-af0b-9f308acfeb8b', '972476da-afec-473a-a25d-5ad3fcb95229'),
       ('e815c08a-dd3b-42a7-9626-25b79ec032f3', '6a025164-4629-4064-9f31-f1def34e0f44'),
       ('e91ff39e-7c9d-4048-a8c1-c87b82548f51', 'd9f3be2d-a70d-451c-96a7-6d75e68f2cd5'),
       ('f7b78d14-b57f-4815-9902-cf066c55241f', 'e972d604-24e2-4099-ba5a-daf06d6183ae'),
       ('72521c81-02bd-46ae-ac5b-5c456950fa20', 'b4204444-eb62-4f32-a7c0-7d852ae8d1a2'),
       ('72521c81-02bd-46ae-ac5b-5c456950fa20', '3b34d7c4-20e6-4edd-94b6-6f13c96050cd'),
       ('438142a4-897d-4b0e-b3e3-5e9a40c3505d', 'd7d6706d-0577-4d49-93a0-1faabd5c2623'),
       ('5be1cddd-e3ff-4fd2-8cd3-e0977373e499', 'f535e692-f6af-4576-b67f-4ae0acd3065d'),
       ('5be1cddd-e3ff-4fd2-8cd3-e0977373e499', 'd781701a-aaef-45eb-af4d-576d86593893'),
       ('47654214-7b68-445d-925a-aeb180a566ee', '8c7d79d8-a259-4632-9527-02b411ec72c8'),
       ('874c9f52-aa37-4f11-89d5-57a2376d714c', '31f9798e-028c-4e12-ba11-19181b84aa3b'),
       ('34f9979a-82e2-4c3e-8780-a58af898c641', '938c47c4-b585-4738-ba19-69a65c1f5f91'),
       ('f88744b6-12a7-4499-adec-0d9d228cb829', '95919709-c155-4a04-9525-e06d81025a62'),
       ('1faff334-d43b-42d6-af9c-409aab66aef6', '98212fe7-62a8-4050-84ea-5e13246cd2ce'),
       ('1faff334-d43b-42d6-af9c-409aab66aef6', '3a2681d3-dd56-45b2-9572-4a682faa061e'),
       ('1e29fe7f-a0d0-4bed-8746-20429c71cdf7', '8be8419d-2e1a-4d7c-bdd3-68dad215a8cb'),
       ('ca6bd16a-028e-4be5-83bb-40a3bbcb629e', 'f1e66eba-f2a9-402a-a53b-b376f41a51fe'),
       ('c6c9d981-79bc-4fa2-ab69-749c1f6568f0', '370ac96c-49e0-4f09-b7c4-662cb1374b21'),
       ('4658c4f3-1338-483b-a5f2-a3b12e271d41', 'e6cc4590-0b5e-4122-9428-b9b185bdb221'),
       ('c77359e9-f441-4e36-bd73-957b14562876', '25626613-7828-4cf8-b6aa-42463cc006bc'),
       ('c77359e9-f441-4e36-bd73-957b14562876', '52478661-60cb-4f40-b58f-d47c865beb62'),
       ('2ecefe5e-d2ce-4c35-a5e1-873e98b22ca4', 'bf7a1522-a1c0-4721-bb77-5edbb8856f78'),
       ('05f5c046-dbd2-4251-a02d-725703ad1a94', '95631eee-1838-4a1a-b1cb-9f98c3fb5ae2'),
       ('c06f2a7d-e2dd-4349-90c8-3e5ff0721ca4', 'edad2d63-cc34-42b8-9bc2-ca9e210b670d'),
       ('65ad942b-c00c-4080-9040-3b69f6492ac5', '179fdf62-5a88-473a-9994-e8a770b3fe9b'),
       ('65ad942b-c00c-4080-9040-3b69f6492ac5', 'd70a6c5c-3440-4cf6-ba2c-baf338830b38'),
       ('65ad942b-c00c-4080-9040-3b69f6492ac5', '6e8b1a39-3a0e-46ca-a570-acd8f25825f1'),
       ('500e2ce4-68f6-40c8-a1e2-d1ed76d99a2d', '8f40029c-903a-4cbd-8148-d36af9f61915'),
       ('397fcdc4-9c45-410b-abb0-22d20a0e28ec', '1f7a3d5b-b014-4818-94da-937d35fc4a42'),
       ('397fcdc4-9c45-410b-abb0-22d20a0e28ec', '98889911-d8e7-4b2e-b312-c8560f27af3c'),
       ('397fcdc4-9c45-410b-abb0-22d20a0e28ec', '1430d39c-df1c-470c-8a4b-57e457f8d03a'),
       ('b34d616a-5bcd-49ba-8f89-0179965e0839', '95919709-c155-4a04-9525-e06d81025a62'),
       ('b34d616a-5bcd-49ba-8f89-0179965e0839', '6a2b9fca-7d64-4b2c-a626-0c1a24e8322a'),
       ('5d6aad20-67b8-4158-8c3d-921eee0b2ffb', '77312d85-b895-40c5-999b-72dd2bf1fb1b'),
       ('5d6aad20-67b8-4158-8c3d-921eee0b2ffb', '12f5f385-fe23-45d3-bf1e-b4d876c43bf8'),
       ('8f22f89e-4fca-4c04-99a5-dc392de356b3', '87c15a58-7d90-4efe-8858-53e9a676e626'),
       ('7016b479-49c8-49ec-80e0-eab4e8a12e0f', 'e3f5ebe6-919f-4c62-850b-692abe277f6d'),
       ('7016b479-49c8-49ec-80e0-eab4e8a12e0f', '1034f4a6-f393-4886-9f55-bb69d6aff9dd'),
       ('707f733c-e79b-4d3a-a723-552ee603ec19', '33d22889-7d5d-4f9e-84cf-3a7570ee9aba'),
       ('707f733c-e79b-4d3a-a723-552ee603ec19', 'b924843b-ed62-4a83-a77e-47487c269354'),
       ('2360bb4a-9eaf-4406-8db2-5da090356c63', 'aea09596-9c51-44ed-a17a-85aa483f3eaa'),
       ('2360bb4a-9eaf-4406-8db2-5da090356c63', 'c74d893e-995c-42a8-9de9-7b7137d0029f'),
       ('62928d74-87bc-49ae-8759-376d5bbd52f1', '6323390a-0350-485d-9a55-c6dfaaaac615'),
       ('1579eaec-8ff2-407e-8755-b1c3007dec96', 'e29003f4-172e-4948-9d34-37b589e70928'),
       ('ba44c05d-2c38-47ec-aa44-942d4d5f4482', 'cfebdbec-7d94-4c47-af87-77095d478fc8'),
       ('ba44c05d-2c38-47ec-aa44-942d4d5f4482', 'f09270e8-cd80-4518-95b7-7701a7e40694'),
       ('d9bb3472-d1e6-4d13-8c03-f0f6b755a518', 'f098db3f-a017-4eb6-9567-469709aecb03'),
       ('ce316ee1-ee82-4111-9fed-a528e20eb5fd', 'd3bdd3b2-1588-4dc7-b92a-8163dd23d8ae'),
       ('ce316ee1-ee82-4111-9fed-a528e20eb5fd', 'ebbe302d-078e-4887-8449-7f95903c96a9'),
       ('ca2b8b1e-44ea-4cf9-9c6e-0287dd9ccd16', '574bda31-0882-4255-a9e9-5573462854f7'),
       ('7dcd8d7e-dd1c-4cc2-a0f2-f210976056e3', '81732854-8b39-4f7c-9749-034253a86978'),
       ('225988b5-cf89-43b6-accb-f0eef01900bc', 'e709d805-5053-43b2-9b7d-0952af75b01d'),
       ('17fe1eed-0e1d-4077-8476-faa155014ec2', 'e709d805-5053-43b2-9b7d-0952af75b01d'),
       ('b4ca72d1-5133-4b36-8086-60e429462628', '355e21c2-84ff-4ac0-bc63-5bddcb5951ae'),
       ('04cdd65e-374d-4c18-8ffb-86ec42e85010', 'd7f7a8a1-0543-462f-91ca-c4229f0c8108'),
       ('5bbaf9f1-bea9-469b-b3f6-dbd7b787e01c', 'b824e99d-9b0c-4218-bc42-8f50fa822407'),
       ('7cad6be6-ef32-40d1-bad1-1a5a417798eb', '522b30b3-248f-4cff-863e-09faca770878'),
       ('244c03d7-b2cc-49d2-b54a-2a35848875b5', '5a08ab0b-5491-4cd4-9101-d188314b63df'),
       ('244c03d7-b2cc-49d2-b54a-2a35848875b5', 'c5ceb23a-3aa6-4e54-9a97-9f5b60402014'),
       ('bb7bc406-0ea4-4aea-8d31-6ca88dfd9b57', 'e6cc4590-0b5e-4122-9428-b9b185bdb221'),
       ('143804b0-0aad-4e50-8098-fecedb690eaf', 'e63d7b13-3312-4539-a310-7dda4c083123'),
       ('143804b0-0aad-4e50-8098-fecedb690eaf', '0d7cf986-ab00-4a1b-93c2-fbbf829afd26'),
       ('f35bdc06-1fb8-44eb-b272-0983326662ab', '1b574101-44ca-42f5-a64c-41e12ae8386f'),
       ('b178ff20-5cd3-4b4c-a0d5-045429e96590', '3d046998-ac04-4c45-8c55-2dd249f80b2d'),
       ('62f89781-66a6-410b-99d6-c9c830c7148f', '00391191-6f7f-41f6-ab51-1794c40ac3bc'),
       ('62f89781-66a6-410b-99d6-c9c830c7148f', 'bbbf4add-bc1a-4543-9249-6f1dabea6cce'),
       ('62f89781-66a6-410b-99d6-c9c830c7148f', '2fa2da22-289c-4ff3-beec-50865f6aec3b'),
       ('80b9e751-9cf6-49a0-bf8d-35ce5701ce47', '8d79397d-0ba4-468e-90a8-d2915a361f2a'),
       ('80b9e751-9cf6-49a0-bf8d-35ce5701ce47', '3d17e4a5-e1a2-4b6f-b035-0955633b3a1a'),
       ('bd7970fe-0774-4c08-a17a-7cc4709114a1', '6ad37740-7b81-49cf-b778-66585e062e18'),
       ('bd7970fe-0774-4c08-a17a-7cc4709114a1', 'c7e18dc0-01b6-4482-8366-cf96553ecc4e'),
       ('bd7970fe-0774-4c08-a17a-7cc4709114a1', 'b0bfba46-5944-44ec-94e8-5c053987188b'),
       ('7e8b9e9c-d336-4cf2-b491-b1cbc9fca1cd', '7be1fea7-9358-42ab-ab28-87550afe4405'),
       ('7e8b9e9c-d336-4cf2-b491-b1cbc9fca1cd', 'fb401aba-c35d-4b48-9da3-fc7afb885026'),
       ('36bec57c-f260-4f8c-8447-48c0273705e0', '7fe886c9-c3ba-444e-b845-be59cea86c50'),
       ('710ee651-29b6-4c94-a6da-685e40e2a7aa', '8f40029c-903a-4cbd-8148-d36af9f61915'),
       ('7c7d9d6f-8f04-4d42-b3d1-35f10f1cda87', '6c255297-9367-4906-b27a-4c015413843d'),
       ('a01d9218-b2fe-459d-ba90-0fbec75e0208', '0d7cf986-ab00-4a1b-93c2-fbbf829afd26'),
       ('fa1dedb1-2eb9-4085-8b83-24bbf02b5186', '176bfbb6-dd8e-4f3e-aa02-3b5b0801ae97'),
       ('fa1dedb1-2eb9-4085-8b83-24bbf02b5186', 'c7166099-b1fe-45a8-9002-f56aa470e2d4'),
       ('93a5fdb5-d987-4172-9325-589348b33ac7', 'c4add2e8-416f-43ce-a31e-a80c21242409'),
       ('f569ea77-7961-4d64-ba89-c20881bc98c5', '00391191-6f7f-41f6-ab51-1794c40ac3bc'),
       ('f569ea77-7961-4d64-ba89-c20881bc98c5', 'bbbf4add-bc1a-4543-9249-6f1dabea6cce'),
       ('fdbb9798-44f9-4030-a676-77c05181fdc5', '28d8573c-5860-4510-a035-b7e340348676'),
       ('ec62ddf2-c4bc-4150-8135-b07ac9a632f9', 'f102646c-0a60-4603-99a9-286c411aa99a'),
       ('ec62ddf2-c4bc-4150-8135-b07ac9a632f9', '177e554c-f258-47f4-9fb0-a0fab1468316'),
       ('e83e457e-f895-4886-ba3c-cf12b0c5a5ce', '00391191-6f7f-41f6-ab51-1794c40ac3bc'),
       ('e83e457e-f895-4886-ba3c-cf12b0c5a5ce', 'bbbf4add-bc1a-4543-9249-6f1dabea6cce'),
       ('e83e457e-f895-4886-ba3c-cf12b0c5a5ce', 'aca84484-f2a3-4f47-89e4-41a36a8bb841'),
       ('8bdc95fb-f992-452e-a524-d2eb00bf9dd4', 'e00e5123-9d33-4929-b411-1b65ef9d9064'),
       ('8bdc95fb-f992-452e-a524-d2eb00bf9dd4', '85d24135-8439-440e-b6dc-46ac9d3bc5ec'),
       ('9c14662c-28f6-4b4f-8110-e0105de05620', '5f8a99fa-4a08-423b-a64b-88f708a9faee'),
       ('4a25d757-a3ef-45ee-bd51-037f5fec74f8', '6d629456-de29-4b26-b412-14412bc20d86'),
       ('4a25d757-a3ef-45ee-bd51-037f5fec74f8', '16799ef4-6bd0-41ac-bc86-4a4088f335be'),
       ('afc212cd-d64b-4433-b4c0-55e1fd17f6d6', 'c1de4dcc-d1a1-4221-8fda-61be5265b4c2'),
       ('6bd70d52-0998-4730-aec3-5df494fda3f0', '3ddb9d75-ba1a-4b36-a987-3eafd3840bdd'),
       ('57a511bf-c581-489e-bf64-a330bf3408b5', '3cd5dbaa-1736-4922-9e27-df76349d8128'),
       ('57a511bf-c581-489e-bf64-a330bf3408b5', '2558b7ed-9343-4802-b7e5-ae571a0537b2'),
       ('57a511bf-c581-489e-bf64-a330bf3408b5', 'ab1e3d7f-ef7b-4020-9c10-fa8da794df98'),
       ('4772f64c-3e9b-4733-8f09-d4cb9ec96e32', 'cfebdbec-7d94-4c47-af87-77095d478fc8'),
       ('4772f64c-3e9b-4733-8f09-d4cb9ec96e32', 'f09270e8-cd80-4518-95b7-7701a7e40694'),
       ('c5207f37-a1ec-40f0-b07e-131c504c98d3', 'a7d409a8-c3b4-40f7-bbec-3b73e3e0511a'),
       ('1c2287b6-6a81-4ef6-ac20-efb6f30bc45a', '79ad455f-9542-4274-a34c-2526590f1926'),
       ('d32f012f-d4dc-403a-9f52-6f4124ae9bb6', 'b2cb4ed8-4723-4369-a17d-f92f99351ef9'),
       ('3bdb98ac-897b-403a-902b-2527131a538e', '0f40db56-a882-4765-95c6-2b751b077e6a'),
       ('2f1cf35c-db04-47ad-b4d7-48598bbb36e4', '18112cfc-f7ca-4d54-ba31-3e6eb5f16099'),
       ('36a4653e-7fbc-4f9f-9e1a-25d8fd35b48e', 'd0b30bac-653d-4fa9-b9d2-5931b9eec81f'),
       ('36a4653e-7fbc-4f9f-9e1a-25d8fd35b48e', 'f2c823df-a2c9-47e5-83dd-bf3c46da7233'),
       ('95d1bfd0-43f4-4a73-a367-15bf34b6421e', 'ff421ca4-fd0c-4fae-948b-ffdd03791f16'),
       ('4c7e1e1d-3009-4666-9282-76be97c662a9', 'f793c48e-66e1-440a-9ae5-c0495dad1ee3'),
       ('430a9d1b-607a-47b2-8707-4bb3bb671dd2', '00391191-6f7f-41f6-ab51-1794c40ac3bc'),
       ('430a9d1b-607a-47b2-8707-4bb3bb671dd2', 'bbbf4add-bc1a-4543-9249-6f1dabea6cce'),
       ('e9c6e622-cfd4-44b2-91bc-07163a9760bd', 'ef79cec8-20f1-4308-8f45-2e7c97617e8d'),
       ('294e9f6d-40f7-4add-a570-cedb8a6598d6', 'f098db3f-a017-4eb6-9567-469709aecb03'),
       ('80c0ac01-b2fc-4dc9-aee3-da00dc403841', 'fef88cec-8693-4314-b7d2-557ee0267684'),
       ('80c0ac01-b2fc-4dc9-aee3-da00dc403841', '510f773e-0592-42cd-a5b5-16d2aceea7ac'),
       ('3ccb7b34-cf4c-433a-a295-c9b7cf12018a', '370ac96c-49e0-4f09-b7c4-662cb1374b21'),
       ('952e2124-9f1a-4e28-b28b-8859056696ba', '2f2266bd-9878-4a9b-b61d-36593cc6be21'),
       ('952e2124-9f1a-4e28-b28b-8859056696ba', 'f7a21d1e-b4ba-4fc4-ae99-2a00b55afe73'),
       ('15da3535-829f-4d53-855f-c46b27b31836', '1eef5968-ec0d-46b5-b63c-74bab85e4b08'),
       ('15da3535-829f-4d53-855f-c46b27b31836', 'e0da6fff-229d-480b-852a-9813fd200021'),
       ('15da3535-829f-4d53-855f-c46b27b31836', '3b63a246-e3d8-433c-85e3-4b8a37119f8e'),
       ('dae27934-76f2-4dfd-9150-cd310640280e', 'c1de4dcc-d1a1-4221-8fda-61be5265b4c2'),
       ('2a075811-a112-4018-95fd-9cdc30d610de', '78e9b2e3-8768-4daa-a4a1-f06b2ad88f7f'),
       ('c91659c8-3b8b-4cac-8bee-722297fda88e', '177e554c-f258-47f4-9fb0-a0fab1468316'),
       ('e9dc680c-6dfa-47cc-9b04-c82568e2fce4', '7cbb560f-3d24-4451-9d31-9dd03d6bfb10'),
       ('f0850cd9-ba89-486c-9165-b937cd15b7c8', '6abc8b1b-ca80-4070-b1ee-f0d4a6c7fe74'),
       ('2883aeee-39fc-4bd1-b4e5-88bd824703f7', '370ac96c-49e0-4f09-b7c4-662cb1374b21'),
       ('1c03b41f-0c82-420f-b354-502c26564c66', 'b4c45b8d-17a1-4359-8db7-120a84ff6f2d'),
       ('84136d6c-3aba-4d2b-9f54-d43d722a5d9f', '3f090476-3537-4607-a9fd-b2e111610538'),
       ('84136d6c-3aba-4d2b-9f54-d43d722a5d9f', '922d943e-1a32-4b07-a858-e6da6a0e411d'),
       ('401a1b46-ec8c-469b-bd01-3dc618a7e5ec', 'c9749a02-bd3b-40cd-aeec-87537f19d96a'),
       ('67eb191c-b62e-4aa3-b6c3-1be5bb4db53a', 'fc5ea452-5f79-4d55-8e4e-29781e29a04f'),
       ('6b483682-f7d0-4ebe-b93c-15489fcec522', '35c6ce3b-389a-455b-be07-9af7d188ee3d'),
       ('d8c8e098-0c7e-41bc-9d8e-9d8d4e911e34', '5a27d2fd-6fd5-4bfd-843d-1506dabe2fcb'),
       ('6e93193d-5981-400e-97af-d5ff4dc50afd', 'c17052bc-873e-418a-87f7-14fbc78932b5'),
       ('80d36fc3-6e4a-4ec2-9e2e-9e40d3707cbb', '85040a4f-fe08-4dc9-bad7-fc90b3f68696'),
       ('9b45a576-891b-49cd-a6da-6561fc50c301', '971982c0-ed1a-4062-8a20-2751e840164e'),
       ('9b45a576-891b-49cd-a6da-6561fc50c301', '427bbbeb-ce23-43f5-8e7f-367602f4807b'),
       ('6f22a05c-7e7c-4eba-8f16-0093d8c096a3', 'b9893fbc-880b-494f-b278-20e24bba7713'),
       ('d8031405-a387-41a3-8f86-9dae4d7f2834', 'ce1055bc-44e4-495a-b9b9-a42cebbea948'),
       ('d8031405-a387-41a3-8f86-9dae4d7f2834', '8372f4af-f2e9-4352-93b6-29713986fcf0'),
       ('f3609992-a388-48bf-8b68-b5b9dcf5963a', 'aceb4786-2aa9-4e6d-a9d6-6a2829bd75d3'),
       ('ca7f9dca-2326-4ddc-9f34-e6e35f847668', 'e6d62bb5-1d78-463a-813b-ae473d8e4d8a'),
       ('ca7f9dca-2326-4ddc-9f34-e6e35f847668', '60b2903f-8d84-447e-b00d-846023c843aa'),
       ('80053051-dd48-4141-a6a6-ae663f569294', 'eabb5596-b030-4062-b126-5f369a7cd253'),
       ('80053051-dd48-4141-a6a6-ae663f569294', 'aa588901-bc84-4782-bbda-7c2435969948'),
       ('8ef65d4a-c77b-4453-ad0b-f77090115b27', '890cc25a-9a6b-42cc-8d31-3cb2e36f556f'),
       ('8ef65d4a-c77b-4453-ad0b-f77090115b27', '3263cd57-ff90-4656-bcc4-010dce0c7538'),
       ('6cfdb441-431e-4514-98df-e99533e65971', 'd5c7f079-51e8-4da5-8915-0b1f376f6f90'),
       ('bfcc09cd-602c-4294-bc44-0fb0f3626390', '3858fde3-4cfb-4631-aa5b-8d981e11591e'),
       ('bb9578e3-061d-4b36-9c24-dd4047b5d0d0', '7f76c6a7-5364-4e2c-86a0-6868226526c4'),
       ('bb9578e3-061d-4b36-9c24-dd4047b5d0d0', '33ba9e42-1d9a-4d8a-bef0-dc8b5f6dc6cf'),
       ('db153ba0-a5e5-4f40-9a95-fd5e82015be4', '690e3bdc-9145-4782-a7dd-03164fa4fb39'),
       ('1403454b-ff9d-4a47-83de-3aca3f906ae1', '7ad35011-19e1-484f-9da4-fce86a46fb7f'),
       ('1403454b-ff9d-4a47-83de-3aca3f906ae1', '89ab17c6-d70f-4396-a5d6-4a7fdeac4ed7'),
       ('d2c25993-aca6-4ec1-9861-7f2bfa58c94d', 'c074d845-9ec6-4f45-a6d7-063743cb43ad'),
       ('2ecd1eb4-bbae-4cdc-b9a7-b9533724df45', 'b381e001-ecdc-4a29-b418-6575fb51518d'),
       ('8bb1c24e-f3b8-4c33-aaef-76e7bf0d4507', 'b2ff29bc-dacf-4698-bcc0-e9ac7b728404'),
       ('8bb1c24e-f3b8-4c33-aaef-76e7bf0d4507', '7ffd452a-4f1e-43ac-9158-758be4d36e1f'),
       ('8bb1c24e-f3b8-4c33-aaef-76e7bf0d4507', 'ca63f22a-89e8-4221-b4a3-c4170c8468cb'),
       ('017bfd46-1df6-4cf2-812a-734da4a566d8', '6d93949a-2e39-444c-9886-a13bc1cfe7e7'),
       ('017bfd46-1df6-4cf2-812a-734da4a566d8', 'a8526b4e-90dc-4f88-8f62-1c6f54b2a14b'),
       ('9ea32fee-1b18-44a3-86f6-f1eded621054', '2f0f92aa-283f-41bc-9f8b-4f80d4a67b0b'),
       ('93c65acc-57a6-4c36-b1b9-1df6d684bebc', '92b9ad49-a9c4-46ac-91bc-42feb8df493c'),
       ('9b8ae934-fc35-4f26-a88e-b96aff86afe9', '03d3f112-8b4e-4f8d-b286-1f2a8d186fda'),
       ('bf4cb62f-ec7b-4ad2-a45b-6a8223e2a8ad', '37e3298a-7646-4d03-9985-a939f179ad27'),
       ('bf4cb62f-ec7b-4ad2-a45b-6a8223e2a8ad', '885bb32e-1ff5-4d90-87e8-8633634e33d2'),
       ('d18741a2-134c-4601-8846-b198f9da4a4b', 'a8198e45-77c4-496b-9253-abb39835b68b'),
       ('5ed63718-da59-4e48-b8cd-39174d070bd8', 'd61560d1-d0df-40f1-b6b1-f436c9b9fd51'),
       ('5ed63718-da59-4e48-b8cd-39174d070bd8', '5be6eb23-95bf-4284-ab80-9ef54539648a'),
       ('b38e2bf6-72bb-4928-8eef-f1b9304affaf', 'eaf1f922-e4c0-498a-92b5-807e6d910a1f'),
       ('2d89fb5d-9e25-4f74-85b8-5722e5234b46', '5e0b94fe-9cad-41f7-ae2c-81e9970178cd'),
       ('2d89fb5d-9e25-4f74-85b8-5722e5234b46', '859c0d18-8b0c-42b4-b7b7-77817e9f1670'),
       ('fc40f552-0cac-4245-80c1-9ff83e13f43e', '743a68f5-e431-43a0-8432-c49ce6005960'),
       ('eb235c91-a95f-49d1-93d9-faee3dbb3b51', 'cd96649b-3fe0-4f43-a8c8-78a19a872852'),
       ('ac695a02-a867-4aa3-a56b-2aab34b4645b', '9aa41461-1495-4834-8ab0-d2f4c2d91412'),
       ('ac695a02-a867-4aa3-a56b-2aab34b4645b', 'd2a4fd68-b227-45df-8b9d-4b084c379015'),
       ('c7c64d97-dea2-4149-837b-88a423f4bb96', 'dd284f0e-ba52-4f33-acf0-cfa10c0d9a63'),
       ('5f7254f1-3d06-4ce6-ae01-bd67cc635142', '922d943e-1a32-4b07-a858-e6da6a0e411d'),
       ('7d5979f0-60eb-4ae1-afa1-77fb6759458b', 'c693ee20-747d-4562-bdb4-5ccb79ab352c'),
       ('61b77f6e-4c01-4b91-9fea-97e1c0f0a67c', '45fd0e6c-f0b0-4e3d-a5ab-5d8b04193795'),
       ('e0e7cedf-8c37-4413-a768-7e48056ce984', '916e58cb-3c9b-4724-9854-6e05bf4febc8'),
       ('5c102222-5b47-4454-bb29-0724f74992f0', 'ed70574e-91d5-4884-bf05-eafc0f5c70db'),
       ('f96fe723-5325-41e2-844e-dd160ca8604c', '3ace71d7-847c-47a7-b11f-00582d3fd56d'),
       ('03151d34-f7d6-41dd-bdef-35cf2b8dc4fe', '2f7e11cd-44a2-422f-87fc-93e281e9fc5f'),
       ('03151d34-f7d6-41dd-bdef-35cf2b8dc4fe', '505c199c-cc63-4f61-889f-e1234f556177'),
       ('1b8797d6-6e54-4d67-a867-b6669619e286', 'ed9fb1b8-41b3-4bd6-bb03-b899e2a099a8'),
       ('1b8797d6-6e54-4d67-a867-b6669619e286', '18eabe3c-4309-4625-ad40-b067b86b8d38'),
       ('a58d657d-4b11-4bec-a1bb-81adcbbf8663', '58daa4e8-5777-4534-9f96-8c426c2591da'),
       ('561e28a6-304f-4a51-b842-975e7e36563f', '2480f132-17c6-45ad-9418-f222efa5f8ec'),
       ('561e28a6-304f-4a51-b842-975e7e36563f', '6f9a1838-80b7-498e-b765-b92141d55f19'),
       ('c7fc6625-cfb5-442b-ac79-73f2ef3ea707', '81a6274a-d1e0-459d-aa0f-402401c7cb8d'),
       ('60139783-0b55-4ce3-a5a6-54116a53567a', '9091a7d5-0f4c-4168-9ba3-f8a801da01eb'),
       ('60139783-0b55-4ce3-a5a6-54116a53567a', '184a4fa3-dddd-4344-aa7d-f0d2d7ae4085'),
       ('1904e1dd-00bb-464d-9448-0a0a99ec95df', 'bdab9e84-0c85-4001-a7cd-978a590f19cd'),
       ('75342b6f-c6c6-4b3b-8f38-6bf984e23692', '370ac96c-49e0-4f09-b7c4-662cb1374b21'),
       ('363eb7fc-b38f-459b-a2b5-6940a6476bb7', 'ff94137d-26c4-4d30-9971-2c5072f6f6f6'),
       ('f54010d7-ace9-4002-b3a3-c2f21234ae0f', '3ceac7d3-7e56-45f5-b93e-e5be2cb7790a'),
       ('4fec6dcd-273b-4020-9ca2-4960db221f85', '45b90afb-4804-42cc-a340-43c0794dc284'),
       ('a58b08eb-c3ae-4fda-8c81-02f12df0c897', 'e630f39b-ba70-460e-91be-87743c9b83af'),
       ('a56e5db1-afb7-4f4e-b070-2ab807bd581d', '9f66f4a4-6906-423c-a9bb-225958e8888a'),
       ('6ed2c403-fae9-4fa7-914a-7e40f0406f65', '0d7cf986-ab00-4a1b-93c2-fbbf829afd26'),
       ('c04d6f39-6a6d-467c-a85d-80f8175f4e36', '3d046998-ac04-4c45-8c55-2dd249f80b2d'),
       ('6c7a6673-3ae6-4df5-a93a-cb5b3f071696', 'df5e9a86-120a-4e0a-b902-f3578059fed5'),
       ('6c7a6673-3ae6-4df5-a93a-cb5b3f071696', '751c77f4-a95a-4142-bda7-87a33afd7378'),
       ('6c7a6673-3ae6-4df5-a93a-cb5b3f071696', 'c4e87f55-d64a-43cc-9708-a3be59a587f7'),
       ('4877c3f0-a852-4031-abf4-a395e349498d', '2f7e11cd-44a2-422f-87fc-93e281e9fc5f'),
       ('4877c3f0-a852-4031-abf4-a395e349498d', '9ac069d8-fdb1-498b-9879-c5a65236b091'),
       ('7db46e82-b491-40e1-b029-e33068a0e1e3', '3d596f1b-a70e-4db7-985d-6e0da0c964a2'),
       ('7db46e82-b491-40e1-b029-e33068a0e1e3', '2cf64d1d-7c7d-4bbb-a4e9-06bbf36356d8'),
       ('7db46e82-b491-40e1-b029-e33068a0e1e3', 'a7f72d47-1600-408f-a727-7d5b5727918b'),
       ('de5a8665-2915-469f-a4ae-243dfa0457bf', '0389d0f6-8d07-4bcf-a40b-685aacaddad6'),
       ('ddc604d7-a6e3-4acf-ba71-4dfdb8a7126e', '83266c8c-03c2-4c52-9c6c-4e023989f6b0'),
       ('bec1b1fd-f51f-40e8-b820-3a8fb353cd8d', 'f34bd2b0-ae9f-4002-9a31-485d015dc6ff'),
       ('ffea108e-a308-41e4-a9bf-507e898af153', '63b68add-16d1-475c-af9a-a2557d0c1475'),
       ('ffea108e-a308-41e4-a9bf-507e898af153', '8abf7361-591e-4046-9b61-1e847f7424c6'),
       ('ffea108e-a308-41e4-a9bf-507e898af153', 'a9ebb841-3254-48b7-bc98-75cfa4e48250'),
       ('ffea108e-a308-41e4-a9bf-507e898af153', '76b91b6c-a1f0-448e-b451-ecc38b96c8d0'),
       ('73bc36a5-8401-43d4-9fe5-4041aa407ce3', '5c75a42d-e2e0-4878-820b-11ec20a3efac'),
       ('73bc36a5-8401-43d4-9fe5-4041aa407ce3', '2dcfc45c-d926-4ca9-b2c8-e5254ad26d86'),
       ('1db1fe8a-e311-4051-b602-abf45ffe2cd9', 'a011b8b4-e586-448a-80eb-821b50e80d7f'),
       ('9491cb08-8ab5-4de5-8e35-00749b0413f5', '99bcd548-3658-4cc9-b724-eecae3cf5fc4'),
       ('4dd58cea-7194-444e-935b-03f239c4e7b9', '0acd9cf9-73af-435c-8e31-7032dd319be2'),
       ('30bc85f0-96e8-4b6a-9d33-162fed07add8', '394f9366-f176-4001-8358-024cce6bf7e4'),
       ('30bc85f0-96e8-4b6a-9d33-162fed07add8', '5d12bda5-dfbd-4b9a-bb88-42eb4d3bbf7d'),
       ('b7f001f6-aa38-4aac-9658-d9c938cb2a8a', '54968380-88a4-42b2-b7fe-97f5b1d38e2b'),
       ('fd7e0ab4-466a-41e6-bf87-3fdaf1b4ec77', 'f354a246-10ee-4e67-8662-1530e5d8bb65'),
       ('baaa8944-1567-4281-9b63-3818d921709e', 'b8d96b6e-4e55-4fe1-8276-885f0949eaa9'),
       ('f1467d65-6a00-4003-a792-941f6c61c16b', '53bcdaa3-bd76-4fe6-8298-69faaeef93a8'),
       ('6610ea66-99cd-45b9-8f14-9c0b512fc841', '512927db-3ca6-48c8-8d70-0e554ce6702d'),
       ('6610ea66-99cd-45b9-8f14-9c0b512fc841', 'bbc9acb8-93fb-4119-9fbf-f29694eac7b4'),
       ('2492a3fc-2157-4bea-b4a8-80c3396eb2a2', '801ef3da-4b8d-4044-a021-9dee202aa104'),
       ('29d565de-d2bb-401c-9887-0835d38ef980', 'b28b7330-20ee-491f-b813-e753460f88d8'),
       ('f765d4c6-7140-43e2-9a1e-fa4e333dddfa', '11a43d83-ef72-4bba-af09-33ce0e988b84'),
       ('f765d4c6-7140-43e2-9a1e-fa4e333dddfa', '0e292b4a-1bda-4ee2-9740-ae6beb82d255'),
       ('3062631f-dcbb-4930-8b54-06c7c2ebc2b3', '4110649b-e2bc-41d6-a98b-549ae0bacbf7'),
       ('3062631f-dcbb-4930-8b54-06c7c2ebc2b3', 'bfd70705-a9ab-41c1-90f8-2b3467e02f40'),
       ('ccff3d09-7619-4f3e-834e-7682b92023c0', 'aa7b3400-763e-4b42-a28d-a7b7c3589863'),
       ('ccff3d09-7619-4f3e-834e-7682b92023c0', '79537563-3835-4d8b-ba83-e75ed0d9c068'),
       ('7c120721-a82c-4dcb-95dd-e7394c7c27cb', '26c5c34c-aa5f-4fca-a609-50617e45881f'),
       ('60d00dd2-4420-46a1-a380-2525460cf100', '4a26c795-1e6e-498b-9278-86e1d3c95b93'),
       ('1f71f8e5-849d-4cf4-adac-edc1e6d54e4e', 'a5e1cfd0-16f0-4577-9679-21677b198754'),
       ('1f71f8e5-849d-4cf4-adac-edc1e6d54e4e', 'e585e78c-53e6-4c70-8259-0313a908a83f'),
       ('684fb4f6-18fb-480d-abc7-ec40174b3bbb', '5122c26d-cea8-4959-ace5-185cd2ede938'),
       ('38d9862b-a311-47ae-8d0b-b676cef56f1c', 'c42f9aea-0f65-4948-8801-3addf65701ac'),
       ('55fa8f5c-6d34-4982-a5cb-9a36aec6465c', 'fd802400-f6ff-4e20-a33a-2d09e2d68c4d'),
       ('4cf2b83c-3631-47af-b0d5-686e232a21ab', '4d2e09c2-0b3a-458a-8f5a-c3b46bd17111'),
       ('aec6fd47-17bc-4eb0-80de-671e5aa8c2e9', '90ee9ae1-7c82-489d-8590-c2938ff9f218'),
       ('aec6fd47-17bc-4eb0-80de-671e5aa8c2e9', '634f2faa-400e-4435-9f86-cdc9accf09e7');

insert into public.series_kinds (series_id, kinds_id)
values ('a02cf154-af6c-4f08-9a7a-32f7bc229ac8', '5f2df76f-b8d1-4db6-9e36-506cabdbb1db'),
       ('a02cf154-af6c-4f08-9a7a-32f7bc229ac8', '7673ab04-ceca-4388-b52b-7b4d2af58e45'),
       ('a02cf154-af6c-4f08-9a7a-32f7bc229ac8', '801bd235-3c3b-4b07-8912-01853f49a948'),
       ('a02cf154-af6c-4f08-9a7a-32f7bc229ac8', 'b19c9c05-2e40-4821-bf87-3bf9822ea6eb'),
       ('a02cf154-af6c-4f08-9a7a-32f7bc229ac8', '59a6ad18-392a-4e22-98ad-61fe58f0fee5'),
       ('a02cf154-af6c-4f08-9a7a-32f7bc229ac8', 'e2133aad-0b37-4ad7-ba95-07325253e56c'),
       ('a02cf154-af6c-4f08-9a7a-32f7bc229ac8', '2597a4da-1a45-4433-a95a-3d7774b3b3cf'),
       ('a02cf154-af6c-4f08-9a7a-32f7bc229ac8', 'd5a3385a-cfcd-45f6-8f82-0c80956b084d'),
       ('a02cf154-af6c-4f08-9a7a-32f7bc229ac8', 'ea05bf0a-f1f5-4b27-9bc7-7c7ca5f5a21a'),
       ('a02cf154-af6c-4f08-9a7a-32f7bc229ac8', '049fbf8b-c981-4291-bdbd-0265c93a44ae'),
       ('e8c8d4ce-cb65-4001-abb5-e55c3b229b89', '7673ab04-ceca-4388-b52b-7b4d2af58e45'),
       ('e8c8d4ce-cb65-4001-abb5-e55c3b229b89', '801bd235-3c3b-4b07-8912-01853f49a948'),
       ('e8c8d4ce-cb65-4001-abb5-e55c3b229b89', 'b19c9c05-2e40-4821-bf87-3bf9822ea6eb'),
       ('e8c8d4ce-cb65-4001-abb5-e55c3b229b89', 'a856158d-13b3-404a-8b4f-9c1e74695e3b'),
       ('e8c8d4ce-cb65-4001-abb5-e55c3b229b89', 'd5a3385a-cfcd-45f6-8f82-0c80956b084d'),
       ('1c5424fa-7a13-4f2a-b03e-cf4449b0b3d5', '8ad5487a-46e8-4d4b-b0e7-f903f57bb092'),
       ('1c5424fa-7a13-4f2a-b03e-cf4449b0b3d5', 'fc8b3d02-6e73-4354-b0e1-7d361b6c64d5'),
       ('d2e33fb1-56f0-48cf-9e91-206658ae9f32', '9d6a131c-4b4e-4cf6-a9aa-de78087d672d'),
       ('d2e33fb1-56f0-48cf-9e91-206658ae9f32', '75d333db-5e37-4cf8-979c-7d3dcf808e14'),
       ('d2e33fb1-56f0-48cf-9e91-206658ae9f32', 'fc8b3d02-6e73-4354-b0e1-7d361b6c64d5'),
       ('d2e33fb1-56f0-48cf-9e91-206658ae9f32', '805f36d4-88bb-42af-b586-1b9764d54208'),
       ('d2e33fb1-56f0-48cf-9e91-206658ae9f32', '83558195-a5ee-4acb-a392-9da6f625ad7f'),
       ('3588b462-65ba-4319-9a0a-8d5768cbf8d7', '38314085-139f-4f32-b2ca-7444964fdae8'),
       ('3588b462-65ba-4319-9a0a-8d5768cbf8d7', '9d6a131c-4b4e-4cf6-a9aa-de78087d672d'),
       ('3588b462-65ba-4319-9a0a-8d5768cbf8d7', 'fc8b3d02-6e73-4354-b0e1-7d361b6c64d5'),
       ('3e0b298c-495f-44a9-b71b-840809d59717', '9d6a131c-4b4e-4cf6-a9aa-de78087d672d'),
       ('3e0b298c-495f-44a9-b71b-840809d59717', 'f778e891-7ffe-44a8-b908-fea894d5dc38'),
       ('3e0b298c-495f-44a9-b71b-840809d59717', 'd5a3385a-cfcd-45f6-8f82-0c80956b084d'),
       ('3e0b298c-495f-44a9-b71b-840809d59717', '820abc9c-f616-437f-9f7e-d0f9a387072c'),
       ('98c3560c-2da0-4a82-83fe-55f42a638ead', 'acd6bec9-507d-46ab-a1de-f18f8b8ca83c'),
       ('98c3560c-2da0-4a82-83fe-55f42a638ead', '36a16e6e-9003-42a3-95b1-2af5b13c62b3'),
       ('98c3560c-2da0-4a82-83fe-55f42a638ead', 'd5a3385a-cfcd-45f6-8f82-0c80956b084d'),
       ('af5abbe0-0f44-4614-b918-1f97c46f5381', '5f2df76f-b8d1-4db6-9e36-506cabdbb1db'),
       ('af5abbe0-0f44-4614-b918-1f97c46f5381', 'b19c9c05-2e40-4821-bf87-3bf9822ea6eb'),
       ('af5abbe0-0f44-4614-b918-1f97c46f5381', 'd5a3385a-cfcd-45f6-8f82-0c80956b084d'),
       ('af5abbe0-0f44-4614-b918-1f97c46f5381', 'ffa2e42e-0b8e-48f9-a20d-2d876c6278cd'),
       ('29bc4664-6207-45d0-8d7c-194221875d19', '24930b3b-9ff6-4d2f-bcf6-84490d5d5d87'),
       ('29bc4664-6207-45d0-8d7c-194221875d19', '7673ab04-ceca-4388-b52b-7b4d2af58e45'),
       ('29bc4664-6207-45d0-8d7c-194221875d19', 'b19c9c05-2e40-4821-bf87-3bf9822ea6eb'),
       ('29bc4664-6207-45d0-8d7c-194221875d19', '0063c975-8321-4827-9661-0bfff734ea55'),
       ('29bc4664-6207-45d0-8d7c-194221875d19', '1c608d8c-7cc0-408d-b2ab-09cf0e6c7b1d'),
       ('29bc4664-6207-45d0-8d7c-194221875d19', '36a16e6e-9003-42a3-95b1-2af5b13c62b3'),
       ('29bc4664-6207-45d0-8d7c-194221875d19', '7a31f23b-f994-4730-a07f-09a73c41a4a6'),
       ('29bc4664-6207-45d0-8d7c-194221875d19', 'ad1cbbc7-4ee3-441f-a34a-176fdbc7757b'),
       ('2ac2bfcd-3b9d-4070-bd92-bbac5475506f', '2bfe7dc9-7242-476b-ab27-72fa6f45f7a4'),
       ('2ac2bfcd-3b9d-4070-bd92-bbac5475506f', '1d5a48f6-74fb-4a7b-b021-23f90941af6f'),
       ('bd8bb902-8618-4b4b-898b-53c045e554a9', '5f2df76f-b8d1-4db6-9e36-506cabdbb1db'),
       ('bd8bb902-8618-4b4b-898b-53c045e554a9', '24930b3b-9ff6-4d2f-bcf6-84490d5d5d87'),
       ('bd8bb902-8618-4b4b-898b-53c045e554a9', 'b19c9c05-2e40-4821-bf87-3bf9822ea6eb'),
       ('bd8bb902-8618-4b4b-898b-53c045e554a9', 'eb5eb1b3-9f89-43ab-b0fa-0ef61f10d633'),
       ('bd8bb902-8618-4b4b-898b-53c045e554a9', '9d6a131c-4b4e-4cf6-a9aa-de78087d672d'),
       ('bd8bb902-8618-4b4b-898b-53c045e554a9', 'fa3722c2-f18c-480e-bd4d-e915de81e69d'),
       ('bd8bb902-8618-4b4b-898b-53c045e554a9', 'd5a3385a-cfcd-45f6-8f82-0c80956b084d'),
       ('e815c08a-dd3b-42a7-9626-25b79ec032f3', 'b19c9c05-2e40-4821-bf87-3bf9822ea6eb'),
       ('e815c08a-dd3b-42a7-9626-25b79ec032f3', 'cdd6781b-aa17-4fd1-a8fa-eb35be12e4e9'),
       ('e815c08a-dd3b-42a7-9626-25b79ec032f3', '83558195-a5ee-4acb-a392-9da6f625ad7f'),
       ('e91ff39e-7c9d-4048-a8c1-c87b82548f51', '7673ab04-ceca-4388-b52b-7b4d2af58e45'),
       ('e91ff39e-7c9d-4048-a8c1-c87b82548f51', '9d6a131c-4b4e-4cf6-a9aa-de78087d672d'),
       ('e91ff39e-7c9d-4048-a8c1-c87b82548f51', 'd5a3385a-cfcd-45f6-8f82-0c80956b084d'),
       ('f7b78d14-b57f-4815-9902-cf066c55241f', '36a16e6e-9003-42a3-95b1-2af5b13c62b3'),
       ('f7b78d14-b57f-4815-9902-cf066c55241f', 'ad1cbbc7-4ee3-441f-a34a-176fdbc7757b'),
       ('f7b78d14-b57f-4815-9902-cf066c55241f', '83558195-a5ee-4acb-a392-9da6f625ad7f'),
       ('72521c81-02bd-46ae-ac5b-5c456950fa20', '7673ab04-ceca-4388-b52b-7b4d2af58e45'),
       ('72521c81-02bd-46ae-ac5b-5c456950fa20', '20840e27-413b-47c1-83f3-042be2c5ff0d'),
       ('72521c81-02bd-46ae-ac5b-5c456950fa20', 'acd6bec9-507d-46ab-a1de-f18f8b8ca83c'),
       ('72521c81-02bd-46ae-ac5b-5c456950fa20', '59a6ad18-392a-4e22-98ad-61fe58f0fee5'),
       ('72521c81-02bd-46ae-ac5b-5c456950fa20', '4bd8b3c4-48f5-45e7-9210-d2f9d641ba71'),
       ('72521c81-02bd-46ae-ac5b-5c456950fa20', 'fc8b3d02-6e73-4354-b0e1-7d361b6c64d5'),
       ('438142a4-897d-4b0e-b3e3-5e9a40c3505d', '36a16e6e-9003-42a3-95b1-2af5b13c62b3'),
       ('438142a4-897d-4b0e-b3e3-5e9a40c3505d', 'fc8b3d02-6e73-4354-b0e1-7d361b6c64d5'),
       ('438142a4-897d-4b0e-b3e3-5e9a40c3505d', '83558195-a5ee-4acb-a392-9da6f625ad7f'),
       ('5be1cddd-e3ff-4fd2-8cd3-e0977373e499', 'acd6bec9-507d-46ab-a1de-f18f8b8ca83c'),
       ('5be1cddd-e3ff-4fd2-8cd3-e0977373e499', 'd5a3385a-cfcd-45f6-8f82-0c80956b084d'),
       ('5be1cddd-e3ff-4fd2-8cd3-e0977373e499', '83558195-a5ee-4acb-a392-9da6f625ad7f'),
       ('47654214-7b68-445d-925a-aeb180a566ee', '5f2df76f-b8d1-4db6-9e36-506cabdbb1db'),
       ('47654214-7b68-445d-925a-aeb180a566ee', '7673ab04-ceca-4388-b52b-7b4d2af58e45'),
       ('47654214-7b68-445d-925a-aeb180a566ee', 'b19c9c05-2e40-4821-bf87-3bf9822ea6eb'),
       ('47654214-7b68-445d-925a-aeb180a566ee', '9d6a131c-4b4e-4cf6-a9aa-de78087d672d'),
       ('47654214-7b68-445d-925a-aeb180a566ee', '2b38ee99-9539-49b5-a0bb-b7dfbd495764'),
       ('47654214-7b68-445d-925a-aeb180a566ee', 'd5a3385a-cfcd-45f6-8f82-0c80956b084d'),
       ('874c9f52-aa37-4f11-89d5-57a2376d714c', '5f2df76f-b8d1-4db6-9e36-506cabdbb1db'),
       ('874c9f52-aa37-4f11-89d5-57a2376d714c', '7a31f23b-f994-4730-a07f-09a73c41a4a6'),
       ('874c9f52-aa37-4f11-89d5-57a2376d714c', 'fc8b3d02-6e73-4354-b0e1-7d361b6c64d5'),
       ('34f9979a-82e2-4c3e-8780-a58af898c641', '9d6a131c-4b4e-4cf6-a9aa-de78087d672d'),
       ('34f9979a-82e2-4c3e-8780-a58af898c641', '4b028255-c92e-4ff7-a732-7754bcf4afe6'),
       ('34f9979a-82e2-4c3e-8780-a58af898c641', '46fc0278-1dd4-495e-a685-639a4f8ade67'),
       ('34f9979a-82e2-4c3e-8780-a58af898c641', 'd5a3385a-cfcd-45f6-8f82-0c80956b084d'),
       ('34f9979a-82e2-4c3e-8780-a58af898c641', '820abc9c-f616-437f-9f7e-d0f9a387072c'),
       ('1faff334-d43b-42d6-af9c-409aab66aef6', '5f2df76f-b8d1-4db6-9e36-506cabdbb1db'),
       ('1faff334-d43b-42d6-af9c-409aab66aef6', '7aa9e1e9-5051-4cdf-b624-c99d49826e62'),
       ('1faff334-d43b-42d6-af9c-409aab66aef6', '801bd235-3c3b-4b07-8912-01853f49a948'),
       ('1faff334-d43b-42d6-af9c-409aab66aef6', 'd5a3385a-cfcd-45f6-8f82-0c80956b084d'),
       ('1faff334-d43b-42d6-af9c-409aab66aef6', 'ffa2e42e-0b8e-48f9-a20d-2d876c6278cd'),
       ('1e29fe7f-a0d0-4bed-8746-20429c71cdf7', 'b19c9c05-2e40-4821-bf87-3bf9822ea6eb'),
       ('1e29fe7f-a0d0-4bed-8746-20429c71cdf7', '36a16e6e-9003-42a3-95b1-2af5b13c62b3'),
       ('1e29fe7f-a0d0-4bed-8746-20429c71cdf7', '7a31f23b-f994-4730-a07f-09a73c41a4a6'),
       ('1e29fe7f-a0d0-4bed-8746-20429c71cdf7', 'fc8b3d02-6e73-4354-b0e1-7d361b6c64d5'),
       ('ca6bd16a-028e-4be5-83bb-40a3bbcb629e', 'b19c9c05-2e40-4821-bf87-3bf9822ea6eb'),
       ('ca6bd16a-028e-4be5-83bb-40a3bbcb629e', '36a16e6e-9003-42a3-95b1-2af5b13c62b3'),
       ('ca6bd16a-028e-4be5-83bb-40a3bbcb629e', 'ad1cbbc7-4ee3-441f-a34a-176fdbc7757b'),
       ('c77359e9-f441-4e36-bd73-957b14562876', '7673ab04-ceca-4388-b52b-7b4d2af58e45'),
       ('c77359e9-f441-4e36-bd73-957b14562876', '59a6ad18-392a-4e22-98ad-61fe58f0fee5'),
       ('c77359e9-f441-4e36-bd73-957b14562876', 'd5a3385a-cfcd-45f6-8f82-0c80956b084d'),
       ('2ecefe5e-d2ce-4c35-a5e1-873e98b22ca4', 'b19c9c05-2e40-4821-bf87-3bf9822ea6eb'),
       ('2ecefe5e-d2ce-4c35-a5e1-873e98b22ca4', '9d6a131c-4b4e-4cf6-a9aa-de78087d672d'),
       ('2ecefe5e-d2ce-4c35-a5e1-873e98b22ca4', '75d333db-5e37-4cf8-979c-7d3dcf808e14'),
       ('2ecefe5e-d2ce-4c35-a5e1-873e98b22ca4', 'd5a3385a-cfcd-45f6-8f82-0c80956b084d'),
       ('05f5c046-dbd2-4251-a02d-725703ad1a94', 'b19c9c05-2e40-4821-bf87-3bf9822ea6eb'),
       ('05f5c046-dbd2-4251-a02d-725703ad1a94', '17743df5-57b3-45c3-8d62-4c0d48c9cfc2'),
       ('05f5c046-dbd2-4251-a02d-725703ad1a94', 'f1c607a0-0bd9-4666-a51e-75dc2b6a12dc'),
       ('05f5c046-dbd2-4251-a02d-725703ad1a94', '83558195-a5ee-4acb-a392-9da6f625ad7f'),
       ('65ad942b-c00c-4080-9040-3b69f6492ac5', '5f2df76f-b8d1-4db6-9e36-506cabdbb1db'),
       ('65ad942b-c00c-4080-9040-3b69f6492ac5', '09d32c0b-dea9-4264-a405-6868ecd86b35'),
       ('65ad942b-c00c-4080-9040-3b69f6492ac5', 'b11d8bef-8923-4ab3-a306-d8c81210a7ff'),
       ('65ad942b-c00c-4080-9040-3b69f6492ac5', '7a31f23b-f994-4730-a07f-09a73c41a4a6'),
       ('65ad942b-c00c-4080-9040-3b69f6492ac5', 'fc8b3d02-6e73-4354-b0e1-7d361b6c64d5'),
       ('500e2ce4-68f6-40c8-a1e2-d1ed76d99a2d', 'f778e891-7ffe-44a8-b908-fea894d5dc38'),
       ('500e2ce4-68f6-40c8-a1e2-d1ed76d99a2d', '46fc0278-1dd4-495e-a685-639a4f8ade67'),
       ('500e2ce4-68f6-40c8-a1e2-d1ed76d99a2d', 'fc8b3d02-6e73-4354-b0e1-7d361b6c64d5'),
       ('500e2ce4-68f6-40c8-a1e2-d1ed76d99a2d', '805f36d4-88bb-42af-b586-1b9764d54208'),
       ('397fcdc4-9c45-410b-abb0-22d20a0e28ec', '5f2df76f-b8d1-4db6-9e36-506cabdbb1db'),
       ('397fcdc4-9c45-410b-abb0-22d20a0e28ec', '7673ab04-ceca-4388-b52b-7b4d2af58e45'),
       ('397fcdc4-9c45-410b-abb0-22d20a0e28ec', '59a6ad18-392a-4e22-98ad-61fe58f0fee5'),
       ('397fcdc4-9c45-410b-abb0-22d20a0e28ec', '8ad5487a-46e8-4d4b-b0e7-f903f57bb092'),
       ('397fcdc4-9c45-410b-abb0-22d20a0e28ec', '1c608d8c-7cc0-408d-b2ab-09cf0e6c7b1d'),
       ('397fcdc4-9c45-410b-abb0-22d20a0e28ec', '7d12a218-0a18-4ed2-90e9-7da5fa13c0b5'),
       ('397fcdc4-9c45-410b-abb0-22d20a0e28ec', 'd5a3385a-cfcd-45f6-8f82-0c80956b084d'),
       ('b34d616a-5bcd-49ba-8f89-0179965e0839', 'b19c9c05-2e40-4821-bf87-3bf9822ea6eb'),
       ('b34d616a-5bcd-49ba-8f89-0179965e0839', 'f1c607a0-0bd9-4666-a51e-75dc2b6a12dc'),
       ('b34d616a-5bcd-49ba-8f89-0179965e0839', '83558195-a5ee-4acb-a392-9da6f625ad7f'),
       ('b34d616a-5bcd-49ba-8f89-0179965e0839', 'ffa2e42e-0b8e-48f9-a20d-2d876c6278cd'),
       ('5d6aad20-67b8-4158-8c3d-921eee0b2ffb', '07548871-d760-477a-8f54-03c6c9aa1600'),
       ('5d6aad20-67b8-4158-8c3d-921eee0b2ffb', 'acd6bec9-507d-46ab-a1de-f18f8b8ca83c'),
       ('5d6aad20-67b8-4158-8c3d-921eee0b2ffb', 'd5a3385a-cfcd-45f6-8f82-0c80956b084d'),
       ('5d6aad20-67b8-4158-8c3d-921eee0b2ffb', 'fe0872c2-2339-4b6d-b000-2882d3c2a9e9'),
       ('8f22f89e-4fca-4c04-99a5-dc392de356b3', '36a16e6e-9003-42a3-95b1-2af5b13c62b3'),
       ('8f22f89e-4fca-4c04-99a5-dc392de356b3', '1d5a48f6-74fb-4a7b-b021-23f90941af6f'),
       ('7016b479-49c8-49ec-80e0-eab4e8a12e0f', 'acd6bec9-507d-46ab-a1de-f18f8b8ca83c'),
       ('7016b479-49c8-49ec-80e0-eab4e8a12e0f', '46fc0278-1dd4-495e-a685-639a4f8ade67'),
       ('7016b479-49c8-49ec-80e0-eab4e8a12e0f', 'fc8b3d02-6e73-4354-b0e1-7d361b6c64d5'),
       ('7016b479-49c8-49ec-80e0-eab4e8a12e0f', '820abc9c-f616-437f-9f7e-d0f9a387072c'),
       ('707f733c-e79b-4d3a-a723-552ee603ec19', 'b19c9c05-2e40-4821-bf87-3bf9822ea6eb'),
       ('707f733c-e79b-4d3a-a723-552ee603ec19', '36a16e6e-9003-42a3-95b1-2af5b13c62b3'),
       ('707f733c-e79b-4d3a-a723-552ee603ec19', 'ad1cbbc7-4ee3-441f-a34a-176fdbc7757b'),
       ('707f733c-e79b-4d3a-a723-552ee603ec19', '83558195-a5ee-4acb-a392-9da6f625ad7f'),
       ('707f733c-e79b-4d3a-a723-552ee603ec19', 'ffa2e42e-0b8e-48f9-a20d-2d876c6278cd'),
       ('2360bb4a-9eaf-4406-8db2-5da090356c63', 'b19c9c05-2e40-4821-bf87-3bf9822ea6eb'),
       ('2360bb4a-9eaf-4406-8db2-5da090356c63', '36a16e6e-9003-42a3-95b1-2af5b13c62b3'),
       ('2360bb4a-9eaf-4406-8db2-5da090356c63', 'ad1cbbc7-4ee3-441f-a34a-176fdbc7757b'),
       ('2360bb4a-9eaf-4406-8db2-5da090356c63', 'ffa2e42e-0b8e-48f9-a20d-2d876c6278cd'),
       ('62928d74-87bc-49ae-8759-376d5bbd52f1', 'b19c9c05-2e40-4821-bf87-3bf9822ea6eb'),
       ('62928d74-87bc-49ae-8759-376d5bbd52f1', '36a16e6e-9003-42a3-95b1-2af5b13c62b3'),
       ('62928d74-87bc-49ae-8759-376d5bbd52f1', 'ad1cbbc7-4ee3-441f-a34a-176fdbc7757b'),
       ('1579eaec-8ff2-407e-8755-b1c3007dec96', 'b19c9c05-2e40-4821-bf87-3bf9822ea6eb'),
       ('1579eaec-8ff2-407e-8755-b1c3007dec96', '36a16e6e-9003-42a3-95b1-2af5b13c62b3'),
       ('1579eaec-8ff2-407e-8755-b1c3007dec96', 'd5a3385a-cfcd-45f6-8f82-0c80956b084d'),
       ('1579eaec-8ff2-407e-8755-b1c3007dec96', '83558195-a5ee-4acb-a392-9da6f625ad7f'),
       ('ba44c05d-2c38-47ec-aa44-942d4d5f4482', '7673ab04-ceca-4388-b52b-7b4d2af58e45'),
       ('ba44c05d-2c38-47ec-aa44-942d4d5f4482', '801bd235-3c3b-4b07-8912-01853f49a948'),
       ('ba44c05d-2c38-47ec-aa44-942d4d5f4482', 'b19c9c05-2e40-4821-bf87-3bf9822ea6eb'),
       ('ba44c05d-2c38-47ec-aa44-942d4d5f4482', 'a856158d-13b3-404a-8b4f-9c1e74695e3b'),
       ('ba44c05d-2c38-47ec-aa44-942d4d5f4482', 'd5a3385a-cfcd-45f6-8f82-0c80956b084d'),
       ('ce316ee1-ee82-4111-9fed-a528e20eb5fd', '5f2df76f-b8d1-4db6-9e36-506cabdbb1db'),
       ('ce316ee1-ee82-4111-9fed-a528e20eb5fd', '7673ab04-ceca-4388-b52b-7b4d2af58e45'),
       ('ce316ee1-ee82-4111-9fed-a528e20eb5fd', '59a6ad18-392a-4e22-98ad-61fe58f0fee5'),
       ('ce316ee1-ee82-4111-9fed-a528e20eb5fd', '8ad5487a-46e8-4d4b-b0e7-f903f57bb092'),
       ('ce316ee1-ee82-4111-9fed-a528e20eb5fd', '1c608d8c-7cc0-408d-b2ab-09cf0e6c7b1d'),
       ('ce316ee1-ee82-4111-9fed-a528e20eb5fd', '7d12a218-0a18-4ed2-90e9-7da5fa13c0b5'),
       ('ce316ee1-ee82-4111-9fed-a528e20eb5fd', 'd5a3385a-cfcd-45f6-8f82-0c80956b084d'),
       ('ca2b8b1e-44ea-4cf9-9c6e-0287dd9ccd16', 'acd6bec9-507d-46ab-a1de-f18f8b8ca83c'),
       ('ca2b8b1e-44ea-4cf9-9c6e-0287dd9ccd16', 'fc8b3d02-6e73-4354-b0e1-7d361b6c64d5'),
       ('ca2b8b1e-44ea-4cf9-9c6e-0287dd9ccd16', '820abc9c-f616-437f-9f7e-d0f9a387072c'),
       ('ca2b8b1e-44ea-4cf9-9c6e-0287dd9ccd16', 'ffa2e42e-0b8e-48f9-a20d-2d876c6278cd'),
       ('7dcd8d7e-dd1c-4cc2-a0f2-f210976056e3', '5f2df76f-b8d1-4db6-9e36-506cabdbb1db'),
       ('7dcd8d7e-dd1c-4cc2-a0f2-f210976056e3', '7673ab04-ceca-4388-b52b-7b4d2af58e45'),
       ('7dcd8d7e-dd1c-4cc2-a0f2-f210976056e3', '9d6a131c-4b4e-4cf6-a9aa-de78087d672d'),
       ('7dcd8d7e-dd1c-4cc2-a0f2-f210976056e3', '4b028255-c92e-4ff7-a732-7754bcf4afe6'),
       ('7dcd8d7e-dd1c-4cc2-a0f2-f210976056e3', '1dc65199-088e-4a98-b9a7-5eeb416d0d4c'),
       ('7dcd8d7e-dd1c-4cc2-a0f2-f210976056e3', 'fc8b3d02-6e73-4354-b0e1-7d361b6c64d5'),
       ('225988b5-cf89-43b6-accb-f0eef01900bc', '7673ab04-ceca-4388-b52b-7b4d2af58e45'),
       ('225988b5-cf89-43b6-accb-f0eef01900bc', '59a6ad18-392a-4e22-98ad-61fe58f0fee5'),
       ('225988b5-cf89-43b6-accb-f0eef01900bc', 'd5a3385a-cfcd-45f6-8f82-0c80956b084d'),
       ('17fe1eed-0e1d-4077-8476-faa155014ec2', '7673ab04-ceca-4388-b52b-7b4d2af58e45'),
       ('17fe1eed-0e1d-4077-8476-faa155014ec2', '59a6ad18-392a-4e22-98ad-61fe58f0fee5'),
       ('17fe1eed-0e1d-4077-8476-faa155014ec2', 'd5a3385a-cfcd-45f6-8f82-0c80956b084d'),
       ('b4ca72d1-5133-4b36-8086-60e429462628', 'acd6bec9-507d-46ab-a1de-f18f8b8ca83c'),
       ('b4ca72d1-5133-4b36-8086-60e429462628', 'cdd6781b-aa17-4fd1-a8fa-eb35be12e4e9'),
       ('b4ca72d1-5133-4b36-8086-60e429462628', '820abc9c-f616-437f-9f7e-d0f9a387072c'),
       ('04cdd65e-374d-4c18-8ffb-86ec42e85010', '5f2df76f-b8d1-4db6-9e36-506cabdbb1db'),
       ('04cdd65e-374d-4c18-8ffb-86ec42e85010', 'b19c9c05-2e40-4821-bf87-3bf9822ea6eb'),
       ('04cdd65e-374d-4c18-8ffb-86ec42e85010', '41b521c8-7458-4767-bd35-1586aad3da1d'),
       ('04cdd65e-374d-4c18-8ffb-86ec42e85010', 'b5668175-849c-47ef-98d9-2961f99a88f4'),
       ('04cdd65e-374d-4c18-8ffb-86ec42e85010', 'f778e891-7ffe-44a8-b908-fea894d5dc38'),
       ('04cdd65e-374d-4c18-8ffb-86ec42e85010', '7a31f23b-f994-4730-a07f-09a73c41a4a6'),
       ('04cdd65e-374d-4c18-8ffb-86ec42e85010', 'fc8b3d02-6e73-4354-b0e1-7d361b6c64d5'),
       ('5bbaf9f1-bea9-469b-b3f6-dbd7b787e01c', '36a16e6e-9003-42a3-95b1-2af5b13c62b3'),
       ('5bbaf9f1-bea9-469b-b3f6-dbd7b787e01c', 'ad1cbbc7-4ee3-441f-a34a-176fdbc7757b'),
       ('5bbaf9f1-bea9-469b-b3f6-dbd7b787e01c', '83558195-a5ee-4acb-a392-9da6f625ad7f'),
       ('7cad6be6-ef32-40d1-bad1-1a5a417798eb', '7673ab04-ceca-4388-b52b-7b4d2af58e45'),
       ('7cad6be6-ef32-40d1-bad1-1a5a417798eb', '05e9dc5b-bad9-4fb6-be5c-66925d58b911'),
       ('7cad6be6-ef32-40d1-bad1-1a5a417798eb', '9d6a131c-4b4e-4cf6-a9aa-de78087d672d'),
       ('7cad6be6-ef32-40d1-bad1-1a5a417798eb', '4b028255-c92e-4ff7-a732-7754bcf4afe6'),
       ('7cad6be6-ef32-40d1-bad1-1a5a417798eb', 'fc8b3d02-6e73-4354-b0e1-7d361b6c64d5'),
       ('244c03d7-b2cc-49d2-b54a-2a35848875b5', 'acd6bec9-507d-46ab-a1de-f18f8b8ca83c'),
       ('244c03d7-b2cc-49d2-b54a-2a35848875b5', 'cdd6781b-aa17-4fd1-a8fa-eb35be12e4e9'),
       ('244c03d7-b2cc-49d2-b54a-2a35848875b5', '5faba927-085f-4fbd-a468-4456352ba872'),
       ('244c03d7-b2cc-49d2-b54a-2a35848875b5', '36a16e6e-9003-42a3-95b1-2af5b13c62b3'),
       ('bb7bc406-0ea4-4aea-8d31-6ca88dfd9b57', '5f2df76f-b8d1-4db6-9e36-506cabdbb1db'),
       ('bb7bc406-0ea4-4aea-8d31-6ca88dfd9b57', '7673ab04-ceca-4388-b52b-7b4d2af58e45'),
       ('bb7bc406-0ea4-4aea-8d31-6ca88dfd9b57', 'b19c9c05-2e40-4821-bf87-3bf9822ea6eb'),
       ('bb7bc406-0ea4-4aea-8d31-6ca88dfd9b57', 'd5a3385a-cfcd-45f6-8f82-0c80956b084d'),
       ('143804b0-0aad-4e50-8098-fecedb690eaf', '7673ab04-ceca-4388-b52b-7b4d2af58e45'),
       ('143804b0-0aad-4e50-8098-fecedb690eaf', '9d6a131c-4b4e-4cf6-a9aa-de78087d672d'),
       ('143804b0-0aad-4e50-8098-fecedb690eaf', 'd5a3385a-cfcd-45f6-8f82-0c80956b084d'),
       ('f35bdc06-1fb8-44eb-b272-0983326662ab', '7673ab04-ceca-4388-b52b-7b4d2af58e45'),
       ('f35bdc06-1fb8-44eb-b272-0983326662ab', '9d6a131c-4b4e-4cf6-a9aa-de78087d672d'),
       ('f35bdc06-1fb8-44eb-b272-0983326662ab', '16553d4a-6ed4-459f-bd7d-050d0d017f3e'),
       ('f35bdc06-1fb8-44eb-b272-0983326662ab', 'd5a3385a-cfcd-45f6-8f82-0c80956b084d'),
       ('b178ff20-5cd3-4b4c-a0d5-045429e96590', '36a16e6e-9003-42a3-95b1-2af5b13c62b3'),
       ('b178ff20-5cd3-4b4c-a0d5-045429e96590', '83558195-a5ee-4acb-a392-9da6f625ad7f'),
       ('b178ff20-5cd3-4b4c-a0d5-045429e96590', '1d5a48f6-74fb-4a7b-b021-23f90941af6f'),
       ('62f89781-66a6-410b-99d6-c9c830c7148f', '7673ab04-ceca-4388-b52b-7b4d2af58e45'),
       ('62f89781-66a6-410b-99d6-c9c830c7148f', '8ad5487a-46e8-4d4b-b0e7-f903f57bb092'),
       ('62f89781-66a6-410b-99d6-c9c830c7148f', '7a31f23b-f994-4730-a07f-09a73c41a4a6'),
       ('62f89781-66a6-410b-99d6-c9c830c7148f', 'd5a3385a-cfcd-45f6-8f82-0c80956b084d'),
       ('80b9e751-9cf6-49a0-bf8d-35ce5701ce47', 'b19c9c05-2e40-4821-bf87-3bf9822ea6eb'),
       ('80b9e751-9cf6-49a0-bf8d-35ce5701ce47', 'cdd6781b-aa17-4fd1-a8fa-eb35be12e4e9'),
       ('80b9e751-9cf6-49a0-bf8d-35ce5701ce47', '36a16e6e-9003-42a3-95b1-2af5b13c62b3'),
       ('80b9e751-9cf6-49a0-bf8d-35ce5701ce47', '04b17a22-f213-4172-8641-ca9c161c3be2'),
       ('bd7970fe-0774-4c08-a17a-7cc4709114a1', '7673ab04-ceca-4388-b52b-7b4d2af58e45'),
       ('bd7970fe-0774-4c08-a17a-7cc4709114a1', 'b19c9c05-2e40-4821-bf87-3bf9822ea6eb'),
       ('bd7970fe-0774-4c08-a17a-7cc4709114a1', '41b521c8-7458-4767-bd35-1586aad3da1d'),
       ('bd7970fe-0774-4c08-a17a-7cc4709114a1', '59a6ad18-392a-4e22-98ad-61fe58f0fee5'),
       ('bd7970fe-0774-4c08-a17a-7cc4709114a1', '7d12a218-0a18-4ed2-90e9-7da5fa13c0b5'),
       ('bd7970fe-0774-4c08-a17a-7cc4709114a1', 'd5a3385a-cfcd-45f6-8f82-0c80956b084d'),
       ('7e8b9e9c-d336-4cf2-b491-b1cbc9fca1cd', '5f2df76f-b8d1-4db6-9e36-506cabdbb1db'),
       ('7e8b9e9c-d336-4cf2-b491-b1cbc9fca1cd', '7673ab04-ceca-4388-b52b-7b4d2af58e45'),
       ('7e8b9e9c-d336-4cf2-b491-b1cbc9fca1cd', 'b19c9c05-2e40-4821-bf87-3bf9822ea6eb'),
       ('7e8b9e9c-d336-4cf2-b491-b1cbc9fca1cd', '59a6ad18-392a-4e22-98ad-61fe58f0fee5'),
       ('7e8b9e9c-d336-4cf2-b491-b1cbc9fca1cd', '36a16e6e-9003-42a3-95b1-2af5b13c62b3'),
       ('7e8b9e9c-d336-4cf2-b491-b1cbc9fca1cd', 'fc8b3d02-6e73-4354-b0e1-7d361b6c64d5'),
       ('36bec57c-f260-4f8c-8447-48c0273705e0', 'acd6bec9-507d-46ab-a1de-f18f8b8ca83c'),
       ('36bec57c-f260-4f8c-8447-48c0273705e0', '36a16e6e-9003-42a3-95b1-2af5b13c62b3'),
       ('36bec57c-f260-4f8c-8447-48c0273705e0', 'fc8b3d02-6e73-4354-b0e1-7d361b6c64d5'),
       ('36bec57c-f260-4f8c-8447-48c0273705e0', '820abc9c-f616-437f-9f7e-d0f9a387072c'),
       ('36bec57c-f260-4f8c-8447-48c0273705e0', 'e0919979-ca6f-4025-ba1d-9897d5f075d4'),
       ('710ee651-29b6-4c94-a6da-685e40e2a7aa', 'acd6bec9-507d-46ab-a1de-f18f8b8ca83c'),
       ('710ee651-29b6-4c94-a6da-685e40e2a7aa', '9d6a131c-4b4e-4cf6-a9aa-de78087d672d'),
       ('710ee651-29b6-4c94-a6da-685e40e2a7aa', '46fc0278-1dd4-495e-a685-639a4f8ade67'),
       ('710ee651-29b6-4c94-a6da-685e40e2a7aa', 'fc8b3d02-6e73-4354-b0e1-7d361b6c64d5'),
       ('710ee651-29b6-4c94-a6da-685e40e2a7aa', '805f36d4-88bb-42af-b586-1b9764d54208'),
       ('710ee651-29b6-4c94-a6da-685e40e2a7aa', '820abc9c-f616-437f-9f7e-d0f9a387072c'),
       ('7c7d9d6f-8f04-4d42-b3d1-35f10f1cda87', '46fc0278-1dd4-495e-a685-639a4f8ade67'),
       ('7c7d9d6f-8f04-4d42-b3d1-35f10f1cda87', 'd5a3385a-cfcd-45f6-8f82-0c80956b084d'),
       ('7c7d9d6f-8f04-4d42-b3d1-35f10f1cda87', '820abc9c-f616-437f-9f7e-d0f9a387072c'),
       ('fa1dedb1-2eb9-4085-8b83-24bbf02b5186', '5f2df76f-b8d1-4db6-9e36-506cabdbb1db'),
       ('fa1dedb1-2eb9-4085-8b83-24bbf02b5186', 'acd6bec9-507d-46ab-a1de-f18f8b8ca83c'),
       ('fa1dedb1-2eb9-4085-8b83-24bbf02b5186', 'bc1be654-f164-4ca8-9c7d-698218303bb2'),
       ('fa1dedb1-2eb9-4085-8b83-24bbf02b5186', 'cf8e30e2-3683-4e7f-92f9-9f312f53c716'),
       ('fa1dedb1-2eb9-4085-8b83-24bbf02b5186', 'fc8b3d02-6e73-4354-b0e1-7d361b6c64d5'),
       ('fa1dedb1-2eb9-4085-8b83-24bbf02b5186', 'ab071011-1a2b-42c7-b7d1-fd9c75d8f4ee'),
       ('fa1dedb1-2eb9-4085-8b83-24bbf02b5186', 'e0919979-ca6f-4025-ba1d-9897d5f075d4'),
       ('fa1dedb1-2eb9-4085-8b83-24bbf02b5186', '751fed7f-eb1c-439d-b1c3-8cfbbf6e9594'),
       ('93a5fdb5-d987-4172-9325-589348b33ac7', 'b2ea685f-523e-4595-8642-7f716d4dbd2f'),
       ('93a5fdb5-d987-4172-9325-589348b33ac7', '36a16e6e-9003-42a3-95b1-2af5b13c62b3'),
       ('93a5fdb5-d987-4172-9325-589348b33ac7', 'ad1cbbc7-4ee3-441f-a34a-176fdbc7757b'),
       ('93a5fdb5-d987-4172-9325-589348b33ac7', '83558195-a5ee-4acb-a392-9da6f625ad7f'),
       ('93a5fdb5-d987-4172-9325-589348b33ac7', '751fed7f-eb1c-439d-b1c3-8cfbbf6e9594'),
       ('f569ea77-7961-4d64-ba89-c20881bc98c5', '7673ab04-ceca-4388-b52b-7b4d2af58e45'),
       ('f569ea77-7961-4d64-ba89-c20881bc98c5', '8ad5487a-46e8-4d4b-b0e7-f903f57bb092'),
       ('f569ea77-7961-4d64-ba89-c20881bc98c5', '7a31f23b-f994-4730-a07f-09a73c41a4a6'),
       ('f569ea77-7961-4d64-ba89-c20881bc98c5', 'd5a3385a-cfcd-45f6-8f82-0c80956b084d'),
       ('fdbb9798-44f9-4030-a676-77c05181fdc5', '9d6a131c-4b4e-4cf6-a9aa-de78087d672d'),
       ('fdbb9798-44f9-4030-a676-77c05181fdc5', '36a16e6e-9003-42a3-95b1-2af5b13c62b3'),
       ('fdbb9798-44f9-4030-a676-77c05181fdc5', 'd5a3385a-cfcd-45f6-8f82-0c80956b084d'),
       ('ec62ddf2-c4bc-4150-8135-b07ac9a632f9', '7673ab04-ceca-4388-b52b-7b4d2af58e45'),
       ('ec62ddf2-c4bc-4150-8135-b07ac9a632f9', 'b19c9c05-2e40-4821-bf87-3bf9822ea6eb'),
       ('ec62ddf2-c4bc-4150-8135-b07ac9a632f9', 'd5a3385a-cfcd-45f6-8f82-0c80956b084d'),
       ('e83e457e-f895-4886-ba3c-cf12b0c5a5ce', '7673ab04-ceca-4388-b52b-7b4d2af58e45'),
       ('e83e457e-f895-4886-ba3c-cf12b0c5a5ce', '8ad5487a-46e8-4d4b-b0e7-f903f57bb092'),
       ('e83e457e-f895-4886-ba3c-cf12b0c5a5ce', '7a31f23b-f994-4730-a07f-09a73c41a4a6'),
       ('e83e457e-f895-4886-ba3c-cf12b0c5a5ce', 'd5a3385a-cfcd-45f6-8f82-0c80956b084d'),
       ('8bdc95fb-f992-452e-a524-d2eb00bf9dd4', '7673ab04-ceca-4388-b52b-7b4d2af58e45'),
       ('8bdc95fb-f992-452e-a524-d2eb00bf9dd4', '59a6ad18-392a-4e22-98ad-61fe58f0fee5'),
       ('8bdc95fb-f992-452e-a524-d2eb00bf9dd4', 'd5a3385a-cfcd-45f6-8f82-0c80956b084d'),
       ('9c14662c-28f6-4b4f-8110-e0105de05620', 'fc8b3d02-6e73-4354-b0e1-7d361b6c64d5'),
       ('9c14662c-28f6-4b4f-8110-e0105de05620', '820abc9c-f616-437f-9f7e-d0f9a387072c'),
       ('9c14662c-28f6-4b4f-8110-e0105de05620', 'e0919979-ca6f-4025-ba1d-9897d5f075d4'),
       ('4a25d757-a3ef-45ee-bd51-037f5fec74f8', '5f2df76f-b8d1-4db6-9e36-506cabdbb1db'),
       ('4a25d757-a3ef-45ee-bd51-037f5fec74f8', 'd806ffd0-c43e-4e78-a557-8d7b41cc44e2'),
       ('4a25d757-a3ef-45ee-bd51-037f5fec74f8', 'b19c9c05-2e40-4821-bf87-3bf9822ea6eb'),
       ('4a25d757-a3ef-45ee-bd51-037f5fec74f8', 'fc8b3d02-6e73-4354-b0e1-7d361b6c64d5'),
       ('4a25d757-a3ef-45ee-bd51-037f5fec74f8', '751fed7f-eb1c-439d-b1c3-8cfbbf6e9594'),
       ('afc212cd-d64b-4433-b4c0-55e1fd17f6d6', '9d6a131c-4b4e-4cf6-a9aa-de78087d672d'),
       ('afc212cd-d64b-4433-b4c0-55e1fd17f6d6', 'fc8b3d02-6e73-4354-b0e1-7d361b6c64d5'),
       ('afc212cd-d64b-4433-b4c0-55e1fd17f6d6', '83558195-a5ee-4acb-a392-9da6f625ad7f'),
       ('afc212cd-d64b-4433-b4c0-55e1fd17f6d6', '9e24c1ca-7d72-4478-bc8d-9c1ed9c2f436'),
       ('6bd70d52-0998-4730-aec3-5df494fda3f0', '24930b3b-9ff6-4d2f-bcf6-84490d5d5d87'),
       ('6bd70d52-0998-4730-aec3-5df494fda3f0', 'b19c9c05-2e40-4821-bf87-3bf9822ea6eb'),
       ('6bd70d52-0998-4730-aec3-5df494fda3f0', 'fc8b3d02-6e73-4354-b0e1-7d361b6c64d5'),
       ('6bd70d52-0998-4730-aec3-5df494fda3f0', '83558195-a5ee-4acb-a392-9da6f625ad7f'),
       ('6bd70d52-0998-4730-aec3-5df494fda3f0', '751fed7f-eb1c-439d-b1c3-8cfbbf6e9594'),
       ('57a511bf-c581-489e-bf64-a330bf3408b5', '9d6a131c-4b4e-4cf6-a9aa-de78087d672d'),
       ('57a511bf-c581-489e-bf64-a330bf3408b5', '36a16e6e-9003-42a3-95b1-2af5b13c62b3'),
       ('57a511bf-c581-489e-bf64-a330bf3408b5', 'fc8b3d02-6e73-4354-b0e1-7d361b6c64d5'),
       ('4772f64c-3e9b-4733-8f09-d4cb9ec96e32', '7673ab04-ceca-4388-b52b-7b4d2af58e45'),
       ('4772f64c-3e9b-4733-8f09-d4cb9ec96e32', '801bd235-3c3b-4b07-8912-01853f49a948'),
       ('4772f64c-3e9b-4733-8f09-d4cb9ec96e32', 'b19c9c05-2e40-4821-bf87-3bf9822ea6eb'),
       ('4772f64c-3e9b-4733-8f09-d4cb9ec96e32', 'a856158d-13b3-404a-8b4f-9c1e74695e3b'),
       ('4772f64c-3e9b-4733-8f09-d4cb9ec96e32', 'd5a3385a-cfcd-45f6-8f82-0c80956b084d'),
       ('c5207f37-a1ec-40f0-b07e-131c504c98d3', 'acd6bec9-507d-46ab-a1de-f18f8b8ca83c'),
       ('c5207f37-a1ec-40f0-b07e-131c504c98d3', 'fc8b3d02-6e73-4354-b0e1-7d361b6c64d5'),
       ('c5207f37-a1ec-40f0-b07e-131c504c98d3', '83558195-a5ee-4acb-a392-9da6f625ad7f'),
       ('1c2287b6-6a81-4ef6-ac20-efb6f30bc45a', 'ad1cbbc7-4ee3-441f-a34a-176fdbc7757b'),
       ('1c2287b6-6a81-4ef6-ac20-efb6f30bc45a', 'ab071011-1a2b-42c7-b7d1-fd9c75d8f4ee'),
       ('1c2287b6-6a81-4ef6-ac20-efb6f30bc45a', '83558195-a5ee-4acb-a392-9da6f625ad7f'),
       ('3bdb98ac-897b-403a-902b-2527131a538e', 'fa3722c2-f18c-480e-bd4d-e915de81e69d'),
       ('3bdb98ac-897b-403a-902b-2527131a538e', '7a31f23b-f994-4730-a07f-09a73c41a4a6'),
       ('3bdb98ac-897b-403a-902b-2527131a538e', 'fc8b3d02-6e73-4354-b0e1-7d361b6c64d5'),
       ('2f1cf35c-db04-47ad-b4d7-48598bbb36e4', 'b19c9c05-2e40-4821-bf87-3bf9822ea6eb'),
       ('2f1cf35c-db04-47ad-b4d7-48598bbb36e4', '36a16e6e-9003-42a3-95b1-2af5b13c62b3'),
       ('2f1cf35c-db04-47ad-b4d7-48598bbb36e4', 'd5a3385a-cfcd-45f6-8f82-0c80956b084d'),
       ('2f1cf35c-db04-47ad-b4d7-48598bbb36e4', '83558195-a5ee-4acb-a392-9da6f625ad7f'),
       ('2f1cf35c-db04-47ad-b4d7-48598bbb36e4', 'ffa2e42e-0b8e-48f9-a20d-2d876c6278cd'),
       ('36a4653e-7fbc-4f9f-9e1a-25d8fd35b48e', 'b19c9c05-2e40-4821-bf87-3bf9822ea6eb'),
       ('36a4653e-7fbc-4f9f-9e1a-25d8fd35b48e', '9d6a131c-4b4e-4cf6-a9aa-de78087d672d'),
       ('36a4653e-7fbc-4f9f-9e1a-25d8fd35b48e', '1c608d8c-7cc0-408d-b2ab-09cf0e6c7b1d'),
       ('36a4653e-7fbc-4f9f-9e1a-25d8fd35b48e', '62bf94f6-e5f6-4584-b13e-7a1431602161'),
       ('36a4653e-7fbc-4f9f-9e1a-25d8fd35b48e', '36a16e6e-9003-42a3-95b1-2af5b13c62b3'),
       ('36a4653e-7fbc-4f9f-9e1a-25d8fd35b48e', 'ad1cbbc7-4ee3-441f-a34a-176fdbc7757b'),
       ('36a4653e-7fbc-4f9f-9e1a-25d8fd35b48e', 'b904ef18-2e01-437c-b7e7-c69f50d58cd1'),
       ('95d1bfd0-43f4-4a73-a367-15bf34b6421e', 'acd6bec9-507d-46ab-a1de-f18f8b8ca83c'),
       ('95d1bfd0-43f4-4a73-a367-15bf34b6421e', '2b38ee99-9539-49b5-a0bb-b7dfbd495764'),
       ('95d1bfd0-43f4-4a73-a367-15bf34b6421e', '7a31f23b-f994-4730-a07f-09a73c41a4a6'),
       ('95d1bfd0-43f4-4a73-a367-15bf34b6421e', 'fc8b3d02-6e73-4354-b0e1-7d361b6c64d5'),
       ('95d1bfd0-43f4-4a73-a367-15bf34b6421e', 'fe0872c2-2339-4b6d-b000-2882d3c2a9e9'),
       ('95d1bfd0-43f4-4a73-a367-15bf34b6421e', '820abc9c-f616-437f-9f7e-d0f9a387072c'),
       ('4c7e1e1d-3009-4666-9282-76be97c662a9', 'b19c9c05-2e40-4821-bf87-3bf9822ea6eb'),
       ('4c7e1e1d-3009-4666-9282-76be97c662a9', '36a16e6e-9003-42a3-95b1-2af5b13c62b3'),
       ('4c7e1e1d-3009-4666-9282-76be97c662a9', 'ad1cbbc7-4ee3-441f-a34a-176fdbc7757b'),
       ('e9c6e622-cfd4-44b2-91bc-07163a9760bd', '5f2df76f-b8d1-4db6-9e36-506cabdbb1db'),
       ('e9c6e622-cfd4-44b2-91bc-07163a9760bd', '46fc0278-1dd4-495e-a685-639a4f8ade67'),
       ('e9c6e622-cfd4-44b2-91bc-07163a9760bd', '36a16e6e-9003-42a3-95b1-2af5b13c62b3'),
       ('e9c6e622-cfd4-44b2-91bc-07163a9760bd', 'd5a3385a-cfcd-45f6-8f82-0c80956b084d'),
       ('e9c6e622-cfd4-44b2-91bc-07163a9760bd', 'fe0872c2-2339-4b6d-b000-2882d3c2a9e9'),
       ('e9c6e622-cfd4-44b2-91bc-07163a9760bd', 'ffa2e42e-0b8e-48f9-a20d-2d876c6278cd'),
       ('e9c6e622-cfd4-44b2-91bc-07163a9760bd', '34707f34-2cfb-4f0f-886d-401fc91670f4'),
       ('80c0ac01-b2fc-4dc9-aee3-da00dc403841', '0e465b19-0e81-497c-bd4d-508212ed663d'),
       ('80c0ac01-b2fc-4dc9-aee3-da00dc403841', 'acd6bec9-507d-46ab-a1de-f18f8b8ca83c'),
       ('80c0ac01-b2fc-4dc9-aee3-da00dc403841', 'eb5eb1b3-9f89-43ab-b0fa-0ef61f10d633'),
       ('80c0ac01-b2fc-4dc9-aee3-da00dc403841', '4bd8b3c4-48f5-45e7-9210-d2f9d641ba71'),
       ('80c0ac01-b2fc-4dc9-aee3-da00dc403841', 'fc8b3d02-6e73-4354-b0e1-7d361b6c64d5'),
       ('80c0ac01-b2fc-4dc9-aee3-da00dc403841', '820abc9c-f616-437f-9f7e-d0f9a387072c'),
       ('80c0ac01-b2fc-4dc9-aee3-da00dc403841', 'e0919979-ca6f-4025-ba1d-9897d5f075d4'),
       ('952e2124-9f1a-4e28-b28b-8859056696ba', 'acd6bec9-507d-46ab-a1de-f18f8b8ca83c'),
       ('952e2124-9f1a-4e28-b28b-8859056696ba', '5faba927-085f-4fbd-a468-4456352ba872'),
       ('952e2124-9f1a-4e28-b28b-8859056696ba', '36a16e6e-9003-42a3-95b1-2af5b13c62b3'),
       ('952e2124-9f1a-4e28-b28b-8859056696ba', 'fc8b3d02-6e73-4354-b0e1-7d361b6c64d5'),
       ('952e2124-9f1a-4e28-b28b-8859056696ba', '1014e80b-7c23-4f8e-9df5-fdad0eb1acbe'),
       ('15da3535-829f-4d53-855f-c46b27b31836', 'b19c9c05-2e40-4821-bf87-3bf9822ea6eb'),
       ('15da3535-829f-4d53-855f-c46b27b31836', '59a6ad18-392a-4e22-98ad-61fe58f0fee5'),
       ('15da3535-829f-4d53-855f-c46b27b31836', 'd5a3385a-cfcd-45f6-8f82-0c80956b084d'),
       ('dae27934-76f2-4dfd-9150-cd310640280e', '7673ab04-ceca-4388-b52b-7b4d2af58e45'),
       ('dae27934-76f2-4dfd-9150-cd310640280e', 'fc8b3d02-6e73-4354-b0e1-7d361b6c64d5'),
       ('dae27934-76f2-4dfd-9150-cd310640280e', '820abc9c-f616-437f-9f7e-d0f9a387072c'),
       ('dae27934-76f2-4dfd-9150-cd310640280e', 'ffa2e42e-0b8e-48f9-a20d-2d876c6278cd'),
       ('2a075811-a112-4018-95fd-9cdc30d610de', '59a6ad18-392a-4e22-98ad-61fe58f0fee5'),
       ('2a075811-a112-4018-95fd-9cdc30d610de', '241f5637-302b-4bdc-ab46-b80e492229bb'),
       ('2a075811-a112-4018-95fd-9cdc30d610de', '36a16e6e-9003-42a3-95b1-2af5b13c62b3'),
       ('2a075811-a112-4018-95fd-9cdc30d610de', 'ad1cbbc7-4ee3-441f-a34a-176fdbc7757b'),
       ('c91659c8-3b8b-4cac-8bee-722297fda88e', '5f2df76f-b8d1-4db6-9e36-506cabdbb1db'),
       ('c91659c8-3b8b-4cac-8bee-722297fda88e', 'd5a3385a-cfcd-45f6-8f82-0c80956b084d'),
       ('e9dc680c-6dfa-47cc-9b04-c82568e2fce4', '5f2df76f-b8d1-4db6-9e36-506cabdbb1db'),
       ('e9dc680c-6dfa-47cc-9b04-c82568e2fce4', '36a16e6e-9003-42a3-95b1-2af5b13c62b3'),
       ('e9dc680c-6dfa-47cc-9b04-c82568e2fce4', 'ad1cbbc7-4ee3-441f-a34a-176fdbc7757b'),
       ('e9dc680c-6dfa-47cc-9b04-c82568e2fce4', '9e24c1ca-7d72-4478-bc8d-9c1ed9c2f436'),
       ('f0850cd9-ba89-486c-9165-b937cd15b7c8', '36a16e6e-9003-42a3-95b1-2af5b13c62b3'),
       ('f0850cd9-ba89-486c-9165-b937cd15b7c8', 'ad1cbbc7-4ee3-441f-a34a-176fdbc7757b'),
       ('f0850cd9-ba89-486c-9165-b937cd15b7c8', '820abc9c-f616-437f-9f7e-d0f9a387072c'),
       ('1c03b41f-0c82-420f-b354-502c26564c66', '46fc0278-1dd4-495e-a685-639a4f8ade67'),
       ('1c03b41f-0c82-420f-b354-502c26564c66', 'fc8b3d02-6e73-4354-b0e1-7d361b6c64d5'),
       ('1c03b41f-0c82-420f-b354-502c26564c66', '820abc9c-f616-437f-9f7e-d0f9a387072c'),
       ('401a1b46-ec8c-469b-bd01-3dc618a7e5ec', 'b19c9c05-2e40-4821-bf87-3bf9822ea6eb'),
       ('401a1b46-ec8c-469b-bd01-3dc618a7e5ec', '36a16e6e-9003-42a3-95b1-2af5b13c62b3'),
       ('401a1b46-ec8c-469b-bd01-3dc618a7e5ec', 'ffa2e42e-0b8e-48f9-a20d-2d876c6278cd'),
       ('401a1b46-ec8c-469b-bd01-3dc618a7e5ec', '1d5a48f6-74fb-4a7b-b021-23f90941af6f'),
       ('67eb191c-b62e-4aa3-b6c3-1be5bb4db53a', '7673ab04-ceca-4388-b52b-7b4d2af58e45'),
       ('67eb191c-b62e-4aa3-b6c3-1be5bb4db53a', '9d6a131c-4b4e-4cf6-a9aa-de78087d672d'),
       ('67eb191c-b62e-4aa3-b6c3-1be5bb4db53a', 'd5a3385a-cfcd-45f6-8f82-0c80956b084d'),
       ('6b483682-f7d0-4ebe-b93c-15489fcec522', '7673ab04-ceca-4388-b52b-7b4d2af58e45'),
       ('6b483682-f7d0-4ebe-b93c-15489fcec522', '59a6ad18-392a-4e22-98ad-61fe58f0fee5'),
       ('6b483682-f7d0-4ebe-b93c-15489fcec522', 'fc8b3d02-6e73-4354-b0e1-7d361b6c64d5'),
       ('d8c8e098-0c7e-41bc-9d8e-9d8d4e911e34', 'acd6bec9-507d-46ab-a1de-f18f8b8ca83c'),
       ('d8c8e098-0c7e-41bc-9d8e-9d8d4e911e34', 'fc8b3d02-6e73-4354-b0e1-7d361b6c64d5'),
       ('d8c8e098-0c7e-41bc-9d8e-9d8d4e911e34', '83558195-a5ee-4acb-a392-9da6f625ad7f'),
       ('6e93193d-5981-400e-97af-d5ff4dc50afd', '5f2df76f-b8d1-4db6-9e36-506cabdbb1db'),
       ('6e93193d-5981-400e-97af-d5ff4dc50afd', '7673ab04-ceca-4388-b52b-7b4d2af58e45'),
       ('6e93193d-5981-400e-97af-d5ff4dc50afd', 'acd6bec9-507d-46ab-a1de-f18f8b8ca83c'),
       ('6e93193d-5981-400e-97af-d5ff4dc50afd', '59a6ad18-392a-4e22-98ad-61fe58f0fee5'),
       ('6e93193d-5981-400e-97af-d5ff4dc50afd', 'fc8b3d02-6e73-4354-b0e1-7d361b6c64d5'),
       ('80d36fc3-6e4a-4ec2-9e2e-9e40d3707cbb', 'b19c9c05-2e40-4821-bf87-3bf9822ea6eb'),
       ('80d36fc3-6e4a-4ec2-9e2e-9e40d3707cbb', '36a16e6e-9003-42a3-95b1-2af5b13c62b3'),
       ('80d36fc3-6e4a-4ec2-9e2e-9e40d3707cbb', 'ad1cbbc7-4ee3-441f-a34a-176fdbc7757b'),
       ('9b45a576-891b-49cd-a6da-6561fc50c301', '7673ab04-ceca-4388-b52b-7b4d2af58e45'),
       ('9b45a576-891b-49cd-a6da-6561fc50c301', '6c7eb168-a23c-4177-8c95-5b1ae92b135b'),
       ('9b45a576-891b-49cd-a6da-6561fc50c301', '9d6a131c-4b4e-4cf6-a9aa-de78087d672d'),
       ('9b45a576-891b-49cd-a6da-6561fc50c301', 'd5a3385a-cfcd-45f6-8f82-0c80956b084d'),
       ('6f22a05c-7e7c-4eba-8f16-0093d8c096a3', '24930b3b-9ff6-4d2f-bcf6-84490d5d5d87'),
       ('6f22a05c-7e7c-4eba-8f16-0093d8c096a3', 'b19c9c05-2e40-4821-bf87-3bf9822ea6eb'),
       ('6f22a05c-7e7c-4eba-8f16-0093d8c096a3', 'f778e891-7ffe-44a8-b908-fea894d5dc38'),
       ('6f22a05c-7e7c-4eba-8f16-0093d8c096a3', 'fc8b3d02-6e73-4354-b0e1-7d361b6c64d5'),
       ('6f22a05c-7e7c-4eba-8f16-0093d8c096a3', 'ab071011-1a2b-42c7-b7d1-fd9c75d8f4ee'),
       ('d8031405-a387-41a3-8f86-9dae4d7f2834', '5f2df76f-b8d1-4db6-9e36-506cabdbb1db'),
       ('d8031405-a387-41a3-8f86-9dae4d7f2834', '9d6a131c-4b4e-4cf6-a9aa-de78087d672d'),
       ('d8031405-a387-41a3-8f86-9dae4d7f2834', 'd5a3385a-cfcd-45f6-8f82-0c80956b084d'),
       ('ca7f9dca-2326-4ddc-9f34-e6e35f847668', 'b19c9c05-2e40-4821-bf87-3bf9822ea6eb'),
       ('ca7f9dca-2326-4ddc-9f34-e6e35f847668', '9d6a131c-4b4e-4cf6-a9aa-de78087d672d'),
       ('ca7f9dca-2326-4ddc-9f34-e6e35f847668', 'd5a3385a-cfcd-45f6-8f82-0c80956b084d'),
       ('ca7f9dca-2326-4ddc-9f34-e6e35f847668', '929a2f4f-36ab-4859-b760-7a57e8ea6af5'),
       ('80053051-dd48-4141-a6a6-ae663f569294', 'd806ffd0-c43e-4e78-a557-8d7b41cc44e2'),
       ('80053051-dd48-4141-a6a6-ae663f569294', '46fc0278-1dd4-495e-a685-639a4f8ade67'),
       ('80053051-dd48-4141-a6a6-ae663f569294', 'fc8b3d02-6e73-4354-b0e1-7d361b6c64d5'),
       ('8ef65d4a-c77b-4453-ad0b-f77090115b27', '5f2df76f-b8d1-4db6-9e36-506cabdbb1db'),
       ('6cfdb441-431e-4514-98df-e99533e65971', '5f2df76f-b8d1-4db6-9e36-506cabdbb1db'),
       ('6cfdb441-431e-4514-98df-e99533e65971', 'b19c9c05-2e40-4821-bf87-3bf9822ea6eb'),
       ('6cfdb441-431e-4514-98df-e99533e65971', 'b5668175-849c-47ef-98d9-2961f99a88f4'),
       ('6cfdb441-431e-4514-98df-e99533e65971', 'b11d8bef-8923-4ab3-a306-d8c81210a7ff'),
       ('6cfdb441-431e-4514-98df-e99533e65971', '2b38ee99-9539-49b5-a0bb-b7dfbd495764'),
       ('6cfdb441-431e-4514-98df-e99533e65971', 'fc8b3d02-6e73-4354-b0e1-7d361b6c64d5'),
       ('6cfdb441-431e-4514-98df-e99533e65971', '805f36d4-88bb-42af-b586-1b9764d54208'),
       ('bfcc09cd-602c-4294-bc44-0fb0f3626390', 'acd6bec9-507d-46ab-a1de-f18f8b8ca83c'),
       ('bfcc09cd-602c-4294-bc44-0fb0f3626390', 'fc8b3d02-6e73-4354-b0e1-7d361b6c64d5'),
       ('bfcc09cd-602c-4294-bc44-0fb0f3626390', '83558195-a5ee-4acb-a392-9da6f625ad7f'),
       ('bb9578e3-061d-4b36-9c24-dd4047b5d0d0', '5f2df76f-b8d1-4db6-9e36-506cabdbb1db'),
       ('bb9578e3-061d-4b36-9c24-dd4047b5d0d0', 'eb5eb1b3-9f89-43ab-b0fa-0ef61f10d633'),
       ('bb9578e3-061d-4b36-9c24-dd4047b5d0d0', '9d6a131c-4b4e-4cf6-a9aa-de78087d672d'),
       ('bb9578e3-061d-4b36-9c24-dd4047b5d0d0', 'fc8b3d02-6e73-4354-b0e1-7d361b6c64d5'),
       ('bb9578e3-061d-4b36-9c24-dd4047b5d0d0', '805f36d4-88bb-42af-b586-1b9764d54208'),
       ('bb9578e3-061d-4b36-9c24-dd4047b5d0d0', '820abc9c-f616-437f-9f7e-d0f9a387072c'),
       ('bb9578e3-061d-4b36-9c24-dd4047b5d0d0', '1014e80b-7c23-4f8e-9df5-fdad0eb1acbe'),
       ('db153ba0-a5e5-4f40-9a95-fd5e82015be4', '5f2df76f-b8d1-4db6-9e36-506cabdbb1db'),
       ('db153ba0-a5e5-4f40-9a95-fd5e82015be4', '3d6414ff-b4b9-4d9b-92a3-5ffa1d1e823d'),
       ('db153ba0-a5e5-4f40-9a95-fd5e82015be4', '9d6a131c-4b4e-4cf6-a9aa-de78087d672d'),
       ('db153ba0-a5e5-4f40-9a95-fd5e82015be4', '4b028255-c92e-4ff7-a732-7754bcf4afe6'),
       ('db153ba0-a5e5-4f40-9a95-fd5e82015be4', '0771d495-f2a4-4f95-a99b-9dfc21d7685b'),
       ('db153ba0-a5e5-4f40-9a95-fd5e82015be4', 'fc8b3d02-6e73-4354-b0e1-7d361b6c64d5'),
       ('1403454b-ff9d-4a47-83de-3aca3f906ae1', '9d6a131c-4b4e-4cf6-a9aa-de78087d672d'),
       ('1403454b-ff9d-4a47-83de-3aca3f906ae1', 'd5a3385a-cfcd-45f6-8f82-0c80956b084d'),
       ('1403454b-ff9d-4a47-83de-3aca3f906ae1', '805f36d4-88bb-42af-b586-1b9764d54208'),
       ('d2c25993-aca6-4ec1-9861-7f2bfa58c94d', '7673ab04-ceca-4388-b52b-7b4d2af58e45'),
       ('d2c25993-aca6-4ec1-9861-7f2bfa58c94d', '7a31f23b-f994-4730-a07f-09a73c41a4a6'),
       ('d2c25993-aca6-4ec1-9861-7f2bfa58c94d', 'd5a3385a-cfcd-45f6-8f82-0c80956b084d'),
       ('2ecd1eb4-bbae-4cdc-b9a7-b9533724df45', '5f2df76f-b8d1-4db6-9e36-506cabdbb1db'),
       ('2ecd1eb4-bbae-4cdc-b9a7-b9533724df45', 'acd6bec9-507d-46ab-a1de-f18f8b8ca83c'),
       ('2ecd1eb4-bbae-4cdc-b9a7-b9533724df45', 'fc8b3d02-6e73-4354-b0e1-7d361b6c64d5'),
       ('2ecd1eb4-bbae-4cdc-b9a7-b9533724df45', '97c92661-f67f-49b9-8ec1-cc8b08390283'),
       ('2ecd1eb4-bbae-4cdc-b9a7-b9533724df45', '83558195-a5ee-4acb-a392-9da6f625ad7f'),
       ('8bb1c24e-f3b8-4c33-aaef-76e7bf0d4507', '5f2df76f-b8d1-4db6-9e36-506cabdbb1db'),
       ('8bb1c24e-f3b8-4c33-aaef-76e7bf0d4507', '7673ab04-ceca-4388-b52b-7b4d2af58e45'),
       ('8bb1c24e-f3b8-4c33-aaef-76e7bf0d4507', '6c7eb168-a23c-4177-8c95-5b1ae92b135b'),
       ('8bb1c24e-f3b8-4c33-aaef-76e7bf0d4507', '801bd235-3c3b-4b07-8912-01853f49a948'),
       ('8bb1c24e-f3b8-4c33-aaef-76e7bf0d4507', '20840e27-413b-47c1-83f3-042be2c5ff0d'),
       ('8bb1c24e-f3b8-4c33-aaef-76e7bf0d4507', '59a6ad18-392a-4e22-98ad-61fe58f0fee5'),
       ('8bb1c24e-f3b8-4c33-aaef-76e7bf0d4507', '97e6f992-1c27-41ac-af5a-6cdd0543132b'),
       ('8bb1c24e-f3b8-4c33-aaef-76e7bf0d4507', 'd5a3385a-cfcd-45f6-8f82-0c80956b084d'),
       ('8bb1c24e-f3b8-4c33-aaef-76e7bf0d4507', 'ea05bf0a-f1f5-4b27-9bc7-7c7ca5f5a21a'),
       ('017bfd46-1df6-4cf2-812a-734da4a566d8', 'cf8e30e2-3683-4e7f-92f9-9f312f53c716'),
       ('017bfd46-1df6-4cf2-812a-734da4a566d8', 'fc8b3d02-6e73-4354-b0e1-7d361b6c64d5'),
       ('017bfd46-1df6-4cf2-812a-734da4a566d8', 'e0919979-ca6f-4025-ba1d-9897d5f075d4'),
       ('9ea32fee-1b18-44a3-86f6-f1eded621054', '7673ab04-ceca-4388-b52b-7b4d2af58e45'),
       ('9ea32fee-1b18-44a3-86f6-f1eded621054', 'acd6bec9-507d-46ab-a1de-f18f8b8ca83c'),
       ('9ea32fee-1b18-44a3-86f6-f1eded621054', '9d6a131c-4b4e-4cf6-a9aa-de78087d672d'),
       ('9ea32fee-1b18-44a3-86f6-f1eded621054', '4bd8b3c4-48f5-45e7-9210-d2f9d641ba71'),
       ('9ea32fee-1b18-44a3-86f6-f1eded621054', '070c4b07-93da-4713-9e07-f83a1416a6ac'),
       ('9ea32fee-1b18-44a3-86f6-f1eded621054', 'fc8b3d02-6e73-4354-b0e1-7d361b6c64d5'),
       ('9ea32fee-1b18-44a3-86f6-f1eded621054', '805f36d4-88bb-42af-b586-1b9764d54208'),
       ('93c65acc-57a6-4c36-b1b9-1df6d684bebc', '5f2df76f-b8d1-4db6-9e36-506cabdbb1db'),
       ('93c65acc-57a6-4c36-b1b9-1df6d684bebc', '7673ab04-ceca-4388-b52b-7b4d2af58e45'),
       ('93c65acc-57a6-4c36-b1b9-1df6d684bebc', 'acd6bec9-507d-46ab-a1de-f18f8b8ca83c'),
       ('93c65acc-57a6-4c36-b1b9-1df6d684bebc', '09d32c0b-dea9-4264-a405-6868ecd86b35'),
       ('93c65acc-57a6-4c36-b1b9-1df6d684bebc', '4b028255-c92e-4ff7-a732-7754bcf4afe6'),
       ('93c65acc-57a6-4c36-b1b9-1df6d684bebc', '2b38ee99-9539-49b5-a0bb-b7dfbd495764'),
       ('93c65acc-57a6-4c36-b1b9-1df6d684bebc', '5faba927-085f-4fbd-a468-4456352ba872'),
       ('93c65acc-57a6-4c36-b1b9-1df6d684bebc', 'fc8b3d02-6e73-4354-b0e1-7d361b6c64d5'),
       ('93c65acc-57a6-4c36-b1b9-1df6d684bebc', 'e0919979-ca6f-4025-ba1d-9897d5f075d4'),
       ('9b8ae934-fc35-4f26-a88e-b96aff86afe9', 'acd6bec9-507d-46ab-a1de-f18f8b8ca83c'),
       ('9b8ae934-fc35-4f26-a88e-b96aff86afe9', 'fc8b3d02-6e73-4354-b0e1-7d361b6c64d5'),
       ('9b8ae934-fc35-4f26-a88e-b96aff86afe9', 'ab071011-1a2b-42c7-b7d1-fd9c75d8f4ee'),
       ('9b8ae934-fc35-4f26-a88e-b96aff86afe9', '83558195-a5ee-4acb-a392-9da6f625ad7f'),
       ('bf4cb62f-ec7b-4ad2-a45b-6a8223e2a8ad', 'b19c9c05-2e40-4821-bf87-3bf9822ea6eb'),
       ('bf4cb62f-ec7b-4ad2-a45b-6a8223e2a8ad', '59a6ad18-392a-4e22-98ad-61fe58f0fee5'),
       ('bf4cb62f-ec7b-4ad2-a45b-6a8223e2a8ad', '4b028255-c92e-4ff7-a732-7754bcf4afe6'),
       ('bf4cb62f-ec7b-4ad2-a45b-6a8223e2a8ad', '4bd8b3c4-48f5-45e7-9210-d2f9d641ba71'),
       ('bf4cb62f-ec7b-4ad2-a45b-6a8223e2a8ad', '36a16e6e-9003-42a3-95b1-2af5b13c62b3'),
       ('bf4cb62f-ec7b-4ad2-a45b-6a8223e2a8ad', 'ad1cbbc7-4ee3-441f-a34a-176fdbc7757b'),
       ('d18741a2-134c-4601-8846-b198f9da4a4b', '36a16e6e-9003-42a3-95b1-2af5b13c62b3'),
       ('d18741a2-134c-4601-8846-b198f9da4a4b', '83558195-a5ee-4acb-a392-9da6f625ad7f'),
       ('d18741a2-134c-4601-8846-b198f9da4a4b', '1d5a48f6-74fb-4a7b-b021-23f90941af6f'),
       ('5ed63718-da59-4e48-b8cd-39174d070bd8', '0e465b19-0e81-497c-bd4d-508212ed663d'),
       ('5ed63718-da59-4e48-b8cd-39174d070bd8', 'eb5eb1b3-9f89-43ab-b0fa-0ef61f10d633'),
       ('5ed63718-da59-4e48-b8cd-39174d070bd8', 'd9f8b122-6a18-4145-91ea-7ad381e6b541'),
       ('5ed63718-da59-4e48-b8cd-39174d070bd8', '7a31f23b-f994-4730-a07f-09a73c41a4a6'),
       ('5ed63718-da59-4e48-b8cd-39174d070bd8', 'fc8b3d02-6e73-4354-b0e1-7d361b6c64d5'),
       ('b38e2bf6-72bb-4928-8eef-f1b9304affaf', '46fc0278-1dd4-495e-a685-639a4f8ade67'),
       ('b38e2bf6-72bb-4928-8eef-f1b9304affaf', '36a16e6e-9003-42a3-95b1-2af5b13c62b3'),
       ('b38e2bf6-72bb-4928-8eef-f1b9304affaf', 'd5a3385a-cfcd-45f6-8f82-0c80956b084d'),
       ('fc40f552-0cac-4245-80c1-9ff83e13f43e', '5f2df76f-b8d1-4db6-9e36-506cabdbb1db'),
       ('fc40f552-0cac-4245-80c1-9ff83e13f43e', 'b19c9c05-2e40-4821-bf87-3bf9822ea6eb'),
       ('fc40f552-0cac-4245-80c1-9ff83e13f43e', '05e9dc5b-bad9-4fb6-be5c-66925d58b911'),
       ('fc40f552-0cac-4245-80c1-9ff83e13f43e', '41b521c8-7458-4767-bd35-1586aad3da1d'),
       ('fc40f552-0cac-4245-80c1-9ff83e13f43e', '9d6a131c-4b4e-4cf6-a9aa-de78087d672d'),
       ('fc40f552-0cac-4245-80c1-9ff83e13f43e', 'fc8b3d02-6e73-4354-b0e1-7d361b6c64d5'),
       ('eb235c91-a95f-49d1-93d9-faee3dbb3b51', 'acd6bec9-507d-46ab-a1de-f18f8b8ca83c'),
       ('eb235c91-a95f-49d1-93d9-faee3dbb3b51', '36a16e6e-9003-42a3-95b1-2af5b13c62b3'),
       ('eb235c91-a95f-49d1-93d9-faee3dbb3b51', 'ab071011-1a2b-42c7-b7d1-fd9c75d8f4ee'),
       ('eb235c91-a95f-49d1-93d9-faee3dbb3b51', '83558195-a5ee-4acb-a392-9da6f625ad7f'),
       ('eb235c91-a95f-49d1-93d9-faee3dbb3b51', '1d5a48f6-74fb-4a7b-b021-23f90941af6f'),
       ('ac695a02-a867-4aa3-a56b-2aab34b4645b', '7a31f23b-f994-4730-a07f-09a73c41a4a6'),
       ('ac695a02-a867-4aa3-a56b-2aab34b4645b', 'fc8b3d02-6e73-4354-b0e1-7d361b6c64d5'),
       ('ac695a02-a867-4aa3-a56b-2aab34b4645b', '820abc9c-f616-437f-9f7e-d0f9a387072c'),
       ('c7c64d97-dea2-4149-837b-88a423f4bb96', '9d6a131c-4b4e-4cf6-a9aa-de78087d672d'),
       ('c7c64d97-dea2-4149-837b-88a423f4bb96', 'f778e891-7ffe-44a8-b908-fea894d5dc38'),
       ('c7c64d97-dea2-4149-837b-88a423f4bb96', 'fc8b3d02-6e73-4354-b0e1-7d361b6c64d5'),
       ('c7c64d97-dea2-4149-837b-88a423f4bb96', '820abc9c-f616-437f-9f7e-d0f9a387072c'),
       ('7d5979f0-60eb-4ae1-afa1-77fb6759458b', '7673ab04-ceca-4388-b52b-7b4d2af58e45'),
       ('7d5979f0-60eb-4ae1-afa1-77fb6759458b', '801bd235-3c3b-4b07-8912-01853f49a948'),
       ('7d5979f0-60eb-4ae1-afa1-77fb6759458b', '9d6a131c-4b4e-4cf6-a9aa-de78087d672d'),
       ('7d5979f0-60eb-4ae1-afa1-77fb6759458b', 'd5a3385a-cfcd-45f6-8f82-0c80956b084d'),
       ('61b77f6e-4c01-4b91-9fea-97e1c0f0a67c', '5f2df76f-b8d1-4db6-9e36-506cabdbb1db'),
       ('61b77f6e-4c01-4b91-9fea-97e1c0f0a67c', 'd806ffd0-c43e-4e78-a557-8d7b41cc44e2'),
       ('61b77f6e-4c01-4b91-9fea-97e1c0f0a67c', 'bc1be654-f164-4ca8-9c7d-698218303bb2'),
       ('61b77f6e-4c01-4b91-9fea-97e1c0f0a67c', 'fc8b3d02-6e73-4354-b0e1-7d361b6c64d5'),
       ('61b77f6e-4c01-4b91-9fea-97e1c0f0a67c', '820abc9c-f616-437f-9f7e-d0f9a387072c'),
       ('e0e7cedf-8c37-4413-a768-7e48056ce984', '4b028255-c92e-4ff7-a732-7754bcf4afe6'),
       ('e0e7cedf-8c37-4413-a768-7e48056ce984', '5d311bb6-23dc-46d4-a4d6-e03d47960d07'),
       ('e0e7cedf-8c37-4413-a768-7e48056ce984', 'fc8b3d02-6e73-4354-b0e1-7d361b6c64d5'),
       ('e0e7cedf-8c37-4413-a768-7e48056ce984', '83558195-a5ee-4acb-a392-9da6f625ad7f'),
       ('5c102222-5b47-4454-bb29-0724f74992f0', 'acd6bec9-507d-46ab-a1de-f18f8b8ca83c'),
       ('5c102222-5b47-4454-bb29-0724f74992f0', '36a16e6e-9003-42a3-95b1-2af5b13c62b3'),
       ('5c102222-5b47-4454-bb29-0724f74992f0', 'fc8b3d02-6e73-4354-b0e1-7d361b6c64d5'),
       ('5c102222-5b47-4454-bb29-0724f74992f0', '83558195-a5ee-4acb-a392-9da6f625ad7f'),
       ('f96fe723-5325-41e2-844e-dd160ca8604c', '5f2df76f-b8d1-4db6-9e36-506cabdbb1db'),
       ('f96fe723-5325-41e2-844e-dd160ca8604c', '7673ab04-ceca-4388-b52b-7b4d2af58e45'),
       ('f96fe723-5325-41e2-844e-dd160ca8604c', '59a6ad18-392a-4e22-98ad-61fe58f0fee5'),
       ('f96fe723-5325-41e2-844e-dd160ca8604c', 'd5a3385a-cfcd-45f6-8f82-0c80956b084d'),
       ('f96fe723-5325-41e2-844e-dd160ca8604c', '1014e80b-7c23-4f8e-9df5-fdad0eb1acbe'),
       ('03151d34-f7d6-41dd-bdef-35cf2b8dc4fe', '5f2df76f-b8d1-4db6-9e36-506cabdbb1db'),
       ('03151d34-f7d6-41dd-bdef-35cf2b8dc4fe', '6a9d36c4-1e9a-4165-b745-182bb748379a'),
       ('03151d34-f7d6-41dd-bdef-35cf2b8dc4fe', 'd5a3385a-cfcd-45f6-8f82-0c80956b084d'),
       ('03151d34-f7d6-41dd-bdef-35cf2b8dc4fe', '97c92661-f67f-49b9-8ec1-cc8b08390283'),
       ('1b8797d6-6e54-4d67-a867-b6669619e286', '5f2df76f-b8d1-4db6-9e36-506cabdbb1db'),
       ('1b8797d6-6e54-4d67-a867-b6669619e286', '46fc0278-1dd4-495e-a685-639a4f8ade67'),
       ('1b8797d6-6e54-4d67-a867-b6669619e286', '17743df5-57b3-45c3-8d62-4c0d48c9cfc2'),
       ('1b8797d6-6e54-4d67-a867-b6669619e286', 'd5a3385a-cfcd-45f6-8f82-0c80956b084d'),
       ('1b8797d6-6e54-4d67-a867-b6669619e286', '820abc9c-f616-437f-9f7e-d0f9a387072c'),
       ('a58d657d-4b11-4bec-a1bb-81adcbbf8663', '36a16e6e-9003-42a3-95b1-2af5b13c62b3'),
       ('a58d657d-4b11-4bec-a1bb-81adcbbf8663', 'ad1cbbc7-4ee3-441f-a34a-176fdbc7757b'),
       ('561e28a6-304f-4a51-b842-975e7e36563f', 'b19c9c05-2e40-4821-bf87-3bf9822ea6eb'),
       ('561e28a6-304f-4a51-b842-975e7e36563f', '41b521c8-7458-4767-bd35-1586aad3da1d'),
       ('561e28a6-304f-4a51-b842-975e7e36563f', 'defaf98a-b0c7-44f3-af1b-4a3938724b1f'),
       ('561e28a6-304f-4a51-b842-975e7e36563f', '59a6ad18-392a-4e22-98ad-61fe58f0fee5'),
       ('561e28a6-304f-4a51-b842-975e7e36563f', 'fc8b3d02-6e73-4354-b0e1-7d361b6c64d5'),
       ('c7fc6625-cfb5-442b-ac79-73f2ef3ea707', 'b19c9c05-2e40-4821-bf87-3bf9822ea6eb'),
       ('c7fc6625-cfb5-442b-ac79-73f2ef3ea707', '59a6ad18-392a-4e22-98ad-61fe58f0fee5'),
       ('c7fc6625-cfb5-442b-ac79-73f2ef3ea707', '1c608d8c-7cc0-408d-b2ab-09cf0e6c7b1d'),
       ('c7fc6625-cfb5-442b-ac79-73f2ef3ea707', 'fc8b3d02-6e73-4354-b0e1-7d361b6c64d5'),
       ('60139783-0b55-4ce3-a5a6-54116a53567a', '5f2df76f-b8d1-4db6-9e36-506cabdbb1db'),
       ('60139783-0b55-4ce3-a5a6-54116a53567a', '801bd235-3c3b-4b07-8912-01853f49a948'),
       ('60139783-0b55-4ce3-a5a6-54116a53567a', 'acd6bec9-507d-46ab-a1de-f18f8b8ca83c'),
       ('60139783-0b55-4ce3-a5a6-54116a53567a', 'fc8b3d02-6e73-4354-b0e1-7d361b6c64d5'),
       ('60139783-0b55-4ce3-a5a6-54116a53567a', '0e822e40-e38d-4715-8232-ef8648044bbc'),
       ('1904e1dd-00bb-464d-9448-0a0a99ec95df', '36a16e6e-9003-42a3-95b1-2af5b13c62b3'),
       ('1904e1dd-00bb-464d-9448-0a0a99ec95df', '83558195-a5ee-4acb-a392-9da6f625ad7f'),
       ('1904e1dd-00bb-464d-9448-0a0a99ec95df', '1d5a48f6-74fb-4a7b-b021-23f90941af6f'),
       ('f54010d7-ace9-4002-b3a3-c2f21234ae0f', '36a16e6e-9003-42a3-95b1-2af5b13c62b3'),
       ('f54010d7-ace9-4002-b3a3-c2f21234ae0f', 'ad1cbbc7-4ee3-441f-a34a-176fdbc7757b'),
       ('f54010d7-ace9-4002-b3a3-c2f21234ae0f', 'ffa2e42e-0b8e-48f9-a20d-2d876c6278cd'),
       ('4fec6dcd-273b-4020-9ca2-4960db221f85', '36a16e6e-9003-42a3-95b1-2af5b13c62b3'),
       ('4fec6dcd-273b-4020-9ca2-4960db221f85', '820abc9c-f616-437f-9f7e-d0f9a387072c'),
       ('4fec6dcd-273b-4020-9ca2-4960db221f85', '1d5a48f6-74fb-4a7b-b021-23f90941af6f'),
       ('a58b08eb-c3ae-4fda-8c81-02f12df0c897', '7673ab04-ceca-4388-b52b-7b4d2af58e45'),
       ('a58b08eb-c3ae-4fda-8c81-02f12df0c897', '59a6ad18-392a-4e22-98ad-61fe58f0fee5'),
       ('a58b08eb-c3ae-4fda-8c81-02f12df0c897', '0771d495-f2a4-4f95-a99b-9dfc21d7685b'),
       ('a58b08eb-c3ae-4fda-8c81-02f12df0c897', 'fc8b3d02-6e73-4354-b0e1-7d361b6c64d5'),
       ('a56e5db1-afb7-4f4e-b070-2ab807bd581d', 'b19c9c05-2e40-4821-bf87-3bf9822ea6eb'),
       ('a56e5db1-afb7-4f4e-b070-2ab807bd581d', 'fc8b3d02-6e73-4354-b0e1-7d361b6c64d5'),
       ('a56e5db1-afb7-4f4e-b070-2ab807bd581d', '83558195-a5ee-4acb-a392-9da6f625ad7f'),
       ('c04d6f39-6a6d-467c-a85d-80f8175f4e36', '36a16e6e-9003-42a3-95b1-2af5b13c62b3'),
       ('c04d6f39-6a6d-467c-a85d-80f8175f4e36', '83558195-a5ee-4acb-a392-9da6f625ad7f'),
       ('c04d6f39-6a6d-467c-a85d-80f8175f4e36', 'ffa2e42e-0b8e-48f9-a20d-2d876c6278cd'),
       ('c04d6f39-6a6d-467c-a85d-80f8175f4e36', '1d5a48f6-74fb-4a7b-b021-23f90941af6f'),
       ('6c7a6673-3ae6-4df5-a93a-cb5b3f071696', '5f2df76f-b8d1-4db6-9e36-506cabdbb1db'),
       ('6c7a6673-3ae6-4df5-a93a-cb5b3f071696', '7673ab04-ceca-4388-b52b-7b4d2af58e45'),
       ('6c7a6673-3ae6-4df5-a93a-cb5b3f071696', 'b19c9c05-2e40-4821-bf87-3bf9822ea6eb'),
       ('6c7a6673-3ae6-4df5-a93a-cb5b3f071696', '05e9dc5b-bad9-4fb6-be5c-66925d58b911'),
       ('6c7a6673-3ae6-4df5-a93a-cb5b3f071696', '41b521c8-7458-4767-bd35-1586aad3da1d'),
       ('6c7a6673-3ae6-4df5-a93a-cb5b3f071696', '59a6ad18-392a-4e22-98ad-61fe58f0fee5'),
       ('6c7a6673-3ae6-4df5-a93a-cb5b3f071696', 'd43c0a3d-9670-41db-b45a-e8f21964a254'),
       ('6c7a6673-3ae6-4df5-a93a-cb5b3f071696', '1c608d8c-7cc0-408d-b2ab-09cf0e6c7b1d'),
       ('6c7a6673-3ae6-4df5-a93a-cb5b3f071696', '7d12a218-0a18-4ed2-90e9-7da5fa13c0b5'),
       ('6c7a6673-3ae6-4df5-a93a-cb5b3f071696', '36a16e6e-9003-42a3-95b1-2af5b13c62b3'),
       ('6c7a6673-3ae6-4df5-a93a-cb5b3f071696', 'd5a3385a-cfcd-45f6-8f82-0c80956b084d'),
       ('4877c3f0-a852-4031-abf4-a395e349498d', '7673ab04-ceca-4388-b52b-7b4d2af58e45'),
       ('4877c3f0-a852-4031-abf4-a395e349498d', '9d6a131c-4b4e-4cf6-a9aa-de78087d672d'),
       ('4877c3f0-a852-4031-abf4-a395e349498d', '7d12a218-0a18-4ed2-90e9-7da5fa13c0b5'),
       ('4877c3f0-a852-4031-abf4-a395e349498d', 'd5a3385a-cfcd-45f6-8f82-0c80956b084d'),
       ('7db46e82-b491-40e1-b029-e33068a0e1e3', '7673ab04-ceca-4388-b52b-7b4d2af58e45'),
       ('7db46e82-b491-40e1-b029-e33068a0e1e3', 'fc8b3d02-6e73-4354-b0e1-7d361b6c64d5'),
       ('de5a8665-2915-469f-a4ae-243dfa0457bf', '9d6a131c-4b4e-4cf6-a9aa-de78087d672d'),
       ('de5a8665-2915-469f-a4ae-243dfa0457bf', '36a16e6e-9003-42a3-95b1-2af5b13c62b3'),
       ('de5a8665-2915-469f-a4ae-243dfa0457bf', 'ad1cbbc7-4ee3-441f-a34a-176fdbc7757b'),
       ('de5a8665-2915-469f-a4ae-243dfa0457bf', '9e24c1ca-7d72-4478-bc8d-9c1ed9c2f436'),
       ('ddc604d7-a6e3-4acf-ba71-4dfdb8a7126e', '36a16e6e-9003-42a3-95b1-2af5b13c62b3'),
       ('ddc604d7-a6e3-4acf-ba71-4dfdb8a7126e', 'ad1cbbc7-4ee3-441f-a34a-176fdbc7757b'),
       ('ddc604d7-a6e3-4acf-ba71-4dfdb8a7126e', 'ffa2e42e-0b8e-48f9-a20d-2d876c6278cd'),
       ('bec1b1fd-f51f-40e8-b820-3a8fb353cd8d', '36a16e6e-9003-42a3-95b1-2af5b13c62b3'),
       ('bec1b1fd-f51f-40e8-b820-3a8fb353cd8d', '83558195-a5ee-4acb-a392-9da6f625ad7f'),
       ('bec1b1fd-f51f-40e8-b820-3a8fb353cd8d', '1d5a48f6-74fb-4a7b-b021-23f90941af6f'),
       ('ffea108e-a308-41e4-a9bf-507e898af153', 'b19c9c05-2e40-4821-bf87-3bf9822ea6eb'),
       ('ffea108e-a308-41e4-a9bf-507e898af153', '9d6a131c-4b4e-4cf6-a9aa-de78087d672d'),
       ('ffea108e-a308-41e4-a9bf-507e898af153', 'f1c607a0-0bd9-4666-a51e-75dc2b6a12dc'),
       ('ffea108e-a308-41e4-a9bf-507e898af153', '0e822e40-e38d-4715-8232-ef8648044bbc'),
       ('ffea108e-a308-41e4-a9bf-507e898af153', 'ea05bf0a-f1f5-4b27-9bc7-7c7ca5f5a21a'),
       ('73bc36a5-8401-43d4-9fe5-4041aa407ce3', '59a6ad18-392a-4e22-98ad-61fe58f0fee5'),
       ('73bc36a5-8401-43d4-9fe5-4041aa407ce3', '4b028255-c92e-4ff7-a732-7754bcf4afe6'),
       ('73bc36a5-8401-43d4-9fe5-4041aa407ce3', '7d12a218-0a18-4ed2-90e9-7da5fa13c0b5'),
       ('73bc36a5-8401-43d4-9fe5-4041aa407ce3', '241f5637-302b-4bdc-ab46-b80e492229bb'),
       ('73bc36a5-8401-43d4-9fe5-4041aa407ce3', '36a16e6e-9003-42a3-95b1-2af5b13c62b3'),
       ('73bc36a5-8401-43d4-9fe5-4041aa407ce3', 'ad1cbbc7-4ee3-441f-a34a-176fdbc7757b'),
       ('1db1fe8a-e311-4051-b602-abf45ffe2cd9', '83558195-a5ee-4acb-a392-9da6f625ad7f'),
       ('1db1fe8a-e311-4051-b602-abf45ffe2cd9', '1d5a48f6-74fb-4a7b-b021-23f90941af6f'),
       ('9491cb08-8ab5-4de5-8e35-00749b0413f5', '36a16e6e-9003-42a3-95b1-2af5b13c62b3'),
       ('9491cb08-8ab5-4de5-8e35-00749b0413f5', 'ad1cbbc7-4ee3-441f-a34a-176fdbc7757b'),
       ('4dd58cea-7194-444e-935b-03f239c4e7b9', 'b19c9c05-2e40-4821-bf87-3bf9822ea6eb'),
       ('4dd58cea-7194-444e-935b-03f239c4e7b9', 'acd6bec9-507d-46ab-a1de-f18f8b8ca83c'),
       ('4dd58cea-7194-444e-935b-03f239c4e7b9', 'cdd6781b-aa17-4fd1-a8fa-eb35be12e4e9'),
       ('4dd58cea-7194-444e-935b-03f239c4e7b9', '36a16e6e-9003-42a3-95b1-2af5b13c62b3'),
       ('4dd58cea-7194-444e-935b-03f239c4e7b9', '83558195-a5ee-4acb-a392-9da6f625ad7f'),
       ('30bc85f0-96e8-4b6a-9d33-162fed07add8', '7673ab04-ceca-4388-b52b-7b4d2af58e45'),
       ('30bc85f0-96e8-4b6a-9d33-162fed07add8', '7a31f23b-f994-4730-a07f-09a73c41a4a6'),
       ('30bc85f0-96e8-4b6a-9d33-162fed07add8', 'fc8b3d02-6e73-4354-b0e1-7d361b6c64d5'),
       ('b7f001f6-aa38-4aac-9658-d9c938cb2a8a', 'cdd6781b-aa17-4fd1-a8fa-eb35be12e4e9'),
       ('b7f001f6-aa38-4aac-9658-d9c938cb2a8a', '83558195-a5ee-4acb-a392-9da6f625ad7f'),
       ('fd7e0ab4-466a-41e6-bf87-3fdaf1b4ec77', 'b19c9c05-2e40-4821-bf87-3bf9822ea6eb'),
       ('fd7e0ab4-466a-41e6-bf87-3fdaf1b4ec77', 'acd6bec9-507d-46ab-a1de-f18f8b8ca83c'),
       ('fd7e0ab4-466a-41e6-bf87-3fdaf1b4ec77', 'ad1cbbc7-4ee3-441f-a34a-176fdbc7757b'),
       ('fd7e0ab4-466a-41e6-bf87-3fdaf1b4ec77', '83558195-a5ee-4acb-a392-9da6f625ad7f'),
       ('baaa8944-1567-4281-9b63-3818d921709e', '36a16e6e-9003-42a3-95b1-2af5b13c62b3'),
       ('baaa8944-1567-4281-9b63-3818d921709e', '04b17a22-f213-4172-8641-ca9c161c3be2'),
       ('baaa8944-1567-4281-9b63-3818d921709e', '1d5a48f6-74fb-4a7b-b021-23f90941af6f'),
       ('6610ea66-99cd-45b9-8f14-9c0b512fc841', '7673ab04-ceca-4388-b52b-7b4d2af58e45'),
       ('6610ea66-99cd-45b9-8f14-9c0b512fc841', '59a6ad18-392a-4e22-98ad-61fe58f0fee5'),
       ('6610ea66-99cd-45b9-8f14-9c0b512fc841', 'd5a3385a-cfcd-45f6-8f82-0c80956b084d'),
       ('2492a3fc-2157-4bea-b4a8-80c3396eb2a2', 'acd6bec9-507d-46ab-a1de-f18f8b8ca83c'),
       ('2492a3fc-2157-4bea-b4a8-80c3396eb2a2', '9d6a131c-4b4e-4cf6-a9aa-de78087d672d'),
       ('2492a3fc-2157-4bea-b4a8-80c3396eb2a2', 'cdd6781b-aa17-4fd1-a8fa-eb35be12e4e9'),
       ('2492a3fc-2157-4bea-b4a8-80c3396eb2a2', '36a16e6e-9003-42a3-95b1-2af5b13c62b3'),
       ('2492a3fc-2157-4bea-b4a8-80c3396eb2a2', '83558195-a5ee-4acb-a392-9da6f625ad7f'),
       ('2492a3fc-2157-4bea-b4a8-80c3396eb2a2', '131af2d8-4342-49df-91bc-dae1628d70c8'),
       ('29d565de-d2bb-401c-9887-0835d38ef980', '7673ab04-ceca-4388-b52b-7b4d2af58e45'),
       ('29d565de-d2bb-401c-9887-0835d38ef980', '6c7eb168-a23c-4177-8c95-5b1ae92b135b'),
       ('29d565de-d2bb-401c-9887-0835d38ef980', '05e9dc5b-bad9-4fb6-be5c-66925d58b911'),
       ('29d565de-d2bb-401c-9887-0835d38ef980', '59a6ad18-392a-4e22-98ad-61fe58f0fee5'),
       ('29d565de-d2bb-401c-9887-0835d38ef980', 'd5a3385a-cfcd-45f6-8f82-0c80956b084d'),
       ('f765d4c6-7140-43e2-9a1e-fa4e333dddfa', '7673ab04-ceca-4388-b52b-7b4d2af58e45'),
       ('f765d4c6-7140-43e2-9a1e-fa4e333dddfa', '9d6a131c-4b4e-4cf6-a9aa-de78087d672d'),
       ('f765d4c6-7140-43e2-9a1e-fa4e333dddfa', '8ad5487a-46e8-4d4b-b0e7-f903f57bb092'),
       ('f765d4c6-7140-43e2-9a1e-fa4e333dddfa', 'd5a3385a-cfcd-45f6-8f82-0c80956b084d'),
       ('3062631f-dcbb-4930-8b54-06c7c2ebc2b3', '5f2df76f-b8d1-4db6-9e36-506cabdbb1db'),
       ('3062631f-dcbb-4930-8b54-06c7c2ebc2b3', 'd5a3385a-cfcd-45f6-8f82-0c80956b084d'),
       ('3062631f-dcbb-4930-8b54-06c7c2ebc2b3', '0e822e40-e38d-4715-8232-ef8648044bbc'),
       ('ccff3d09-7619-4f3e-834e-7682b92023c0', '5f2df76f-b8d1-4db6-9e36-506cabdbb1db'),
       ('ccff3d09-7619-4f3e-834e-7682b92023c0', '9d6a131c-4b4e-4cf6-a9aa-de78087d672d'),
       ('ccff3d09-7619-4f3e-834e-7682b92023c0', '46fc0278-1dd4-495e-a685-639a4f8ade67'),
       ('ccff3d09-7619-4f3e-834e-7682b92023c0', 'fc8b3d02-6e73-4354-b0e1-7d361b6c64d5'),
       ('7c120721-a82c-4dcb-95dd-e7394c7c27cb', 'b19c9c05-2e40-4821-bf87-3bf9822ea6eb'),
       ('7c120721-a82c-4dcb-95dd-e7394c7c27cb', '59a6ad18-392a-4e22-98ad-61fe58f0fee5'),
       ('7c120721-a82c-4dcb-95dd-e7394c7c27cb', '36a16e6e-9003-42a3-95b1-2af5b13c62b3'),
       ('7c120721-a82c-4dcb-95dd-e7394c7c27cb', 'ad1cbbc7-4ee3-441f-a34a-176fdbc7757b'),
       ('60d00dd2-4420-46a1-a380-2525460cf100', 'b19c9c05-2e40-4821-bf87-3bf9822ea6eb'),
       ('60d00dd2-4420-46a1-a380-2525460cf100', '36a16e6e-9003-42a3-95b1-2af5b13c62b3'),
       ('60d00dd2-4420-46a1-a380-2525460cf100', '1d5a48f6-74fb-4a7b-b021-23f90941af6f'),
       ('1f71f8e5-849d-4cf4-adac-edc1e6d54e4e', '5f2df76f-b8d1-4db6-9e36-506cabdbb1db'),
       ('1f71f8e5-849d-4cf4-adac-edc1e6d54e4e', '7673ab04-ceca-4388-b52b-7b4d2af58e45'),
       ('1f71f8e5-849d-4cf4-adac-edc1e6d54e4e', '59a6ad18-392a-4e22-98ad-61fe58f0fee5'),
       ('1f71f8e5-849d-4cf4-adac-edc1e6d54e4e', 'd5a3385a-cfcd-45f6-8f82-0c80956b084d'),
       ('684fb4f6-18fb-480d-abc7-ec40174b3bbb', '1d5a48f6-74fb-4a7b-b021-23f90941af6f'),
       ('38d9862b-a311-47ae-8d0b-b676cef56f1c', 'acd6bec9-507d-46ab-a1de-f18f8b8ca83c'),
       ('38d9862b-a311-47ae-8d0b-b676cef56f1c', '46fc0278-1dd4-495e-a685-639a4f8ade67'),
       ('38d9862b-a311-47ae-8d0b-b676cef56f1c', 'fc8b3d02-6e73-4354-b0e1-7d361b6c64d5'),
       ('38d9862b-a311-47ae-8d0b-b676cef56f1c', 'e0919979-ca6f-4025-ba1d-9897d5f075d4'),
       ('55fa8f5c-6d34-4982-a5cb-9a36aec6465c', '5f2df76f-b8d1-4db6-9e36-506cabdbb1db'),
       ('55fa8f5c-6d34-4982-a5cb-9a36aec6465c', '7673ab04-ceca-4388-b52b-7b4d2af58e45'),
       ('55fa8f5c-6d34-4982-a5cb-9a36aec6465c', 'acd6bec9-507d-46ab-a1de-f18f8b8ca83c'),
       ('55fa8f5c-6d34-4982-a5cb-9a36aec6465c', '2b38ee99-9539-49b5-a0bb-b7dfbd495764'),
       ('55fa8f5c-6d34-4982-a5cb-9a36aec6465c', '7a31f23b-f994-4730-a07f-09a73c41a4a6'),
       ('55fa8f5c-6d34-4982-a5cb-9a36aec6465c', 'fc8b3d02-6e73-4354-b0e1-7d361b6c64d5'),
       ('4cf2b83c-3631-47af-b0d5-686e232a21ab', '36a16e6e-9003-42a3-95b1-2af5b13c62b3'),
       ('4cf2b83c-3631-47af-b0d5-686e232a21ab', 'ad1cbbc7-4ee3-441f-a34a-176fdbc7757b'),
       ('4cf2b83c-3631-47af-b0d5-686e232a21ab', '83558195-a5ee-4acb-a392-9da6f625ad7f'),
       ('4cf2b83c-3631-47af-b0d5-686e232a21ab', 'ffa2e42e-0b8e-48f9-a20d-2d876c6278cd'),
       ('aec6fd47-17bc-4eb0-80de-671e5aa8c2e9', '5f2df76f-b8d1-4db6-9e36-506cabdbb1db'),
       ('aec6fd47-17bc-4eb0-80de-671e5aa8c2e9', 'acd6bec9-507d-46ab-a1de-f18f8b8ca83c'),
       ('aec6fd47-17bc-4eb0-80de-671e5aa8c2e9', '59a6ad18-392a-4e22-98ad-61fe58f0fee5'),
       ('aec6fd47-17bc-4eb0-80de-671e5aa8c2e9', '2b38ee99-9539-49b5-a0bb-b7dfbd495764'),
       ('aec6fd47-17bc-4eb0-80de-671e5aa8c2e9', '1ef7c1f1-ff86-4e1f-93b5-59846d528e9e'),
       ('aec6fd47-17bc-4eb0-80de-671e5aa8c2e9', 'ad1cbbc7-4ee3-441f-a34a-176fdbc7757b'),
       ('aec6fd47-17bc-4eb0-80de-671e5aa8c2e9', '9e24c1ca-7d72-4478-bc8d-9c1ed9c2f436');